"","address","latitude","longitude"
"1",". Zürich, Switzerland",47.3744489,8.5410422
"2","Bernerstrasse Süd 167/169, 8048  Zürich, Switzerland",47.3945061,8.4872246
"3","Idastrasse 5, 8003  Zürich, Switzerland",47.37221855,8.5159592846013
"4","Dufourstrasse 96, 8008  Zürich, Switzerland",47.3592584,8.55105801145669
"5","Mühlebachstrasse, 8008  Zürich, Switzerland",47.356407,8.5588742
"6","Lintheschergasse 21, 8001  Zürich, Switzerland",47.3766974,8.5388369
"7","Münstergasse 10, 8001  Zürich, Switzerland",47.3711049,8.54440443075084
"8","Weite G. 7, 8001  Zürich, Switzerland",47.3684725,8.5450977
"9","Schifflände, 8001  Zürich, Switzerland",47.369447,8.543571
"10","Claridenstrasse 30, 8002  Zürich, Switzerland",47.3675057,8.5374869
"11","Claridenstrasse 30, 8002  Zürich, Switzerland",47.3675057,8.5374869
"12","Weststrasse 160, 8003  Zürich, Switzerland",47.3744544,8.5169933
"13","Zentralstrasse 125, 8003  Zürich, Switzerland",47.37465145,8.51570749966983
"14","Elisabethenstrasse 6, 8004  Zürich, Switzerland",47.3727374,8.5230839
"15","Pflanzschulstrasse 51, 8004  Zürich, Switzerland",47.376688,8.5202614
"16","Turbinenstrasse 39, 8005  Zürich, Switzerland",47.3865534,8.5144427
"17","Josefstrasse 130,  Zürich, Switzerland",47.3842866,8.52877060337535
"18","Förrlibuckstrasse 229, 8005  Zürich, Switzerland",47.39204805,8.5068528519674
"19","Universitätstrasse 33, 8006  Zürich, Switzerland",47.3797913,8.54790365137056
"20","Clausiussteig, 8006  Zürich, Switzerland",47.3793157,8.5468679
"21","Kurvenstrasse 21, 8006  Zürich, Switzerland",47.38464565,8.54207497458062
"22","Bernerstrasse Süd 167/169, 8048  Zürich, Switzerland",47.3945061,8.4872246
"23","Idastrasse 5, 8003  Zürich, Switzerland",47.37221855,8.5159592846013
"24","Dufourstrasse 96, 8008  Zürich, Switzerland",47.3592584,8.55105801145669
"25","Mühlebachstrasse, 8008  Zürich, Switzerland",47.356407,8.5588742
"26","Lintheschergasse 21, 8001  Zürich, Switzerland",47.3766974,8.5388369
"27","Münstergasse 10, 8001  Zürich, Switzerland",47.3711049,8.54440443075084
"28","Weite G. 7, 8001  Zürich, Switzerland",47.3684725,8.5450977
"29","Schifflände, 8001  Zürich, Switzerland",47.369447,8.543571
"30","Claridenstrasse 30, 8002  Zürich, Switzerland",47.3675057,8.5374869
"31","Claridenstrasse 30, 8002  Zürich, Switzerland",47.3675057,8.5374869
"32","Weststrasse 160, 8003  Zürich, Switzerland",47.3744544,8.5169933
"33","Zentralstrasse 125, 8003  Zürich, Switzerland",47.37465145,8.51570749966983
"34","Elisabethenstrasse 6, 8004  Zürich, Switzerland",47.3727374,8.5230839
"35","Pflanzschulstrasse 51, 8004  Zürich, Switzerland",47.376688,8.5202614
"36","Turbinenstrasse 39, 8005  Zürich, Switzerland",47.3865534,8.5144427
"37","Josefstrasse 130,  Zürich, Switzerland",47.3842866,8.52877060337535
"38","Förrlibuckstrasse 229, 8005  Zürich, Switzerland",47.39204805,8.5068528519674
"39","Universitätstrasse 33, 8006  Zürich, Switzerland",47.3797913,8.54790365137056
"40","Clausiussteig, 8006  Zürich, Switzerland",47.3793157,8.5468679
"41","Kurvenstrasse 21, 8006  Zürich, Switzerland",47.38464565,8.54207497458062
"42","aniastrasse 51, 8006  Zürich, Switzerland",NA,NA
"43","8006  Zürich, Switzerland",47.3861987598469,8.54503384211701
"44","Rotbuchstrasse 3, 8006  Zürich, Switzerland",47.39115785,8.5380306
"45","Neumünsterstrasse 34, 8008  Zürich, Switzerland",47.3616108,8.5602858
"46","Hegibachstrasse 51, 8032  Zürich, Switzerland",47.36346165,8.5641344
"47","8032  Zürich, Switzerland",47.366731258805,8.56194358855181
"48","Spiegelhofstrasse 52, 8032  Zürich, Switzerland",47.3735038,8.559885164
"49","Sonnenbergstrasse, 8032  Zürich, Switzerland",47.3688546,8.5657503
"50","Frymannstrasse, 28, 8041  Zürich, Switzerland",47.33556865,8.51766336855948
"51","Wehntalerstrasse 582, 8046  Zürich, Switzerland",47.42043855,8.50393755984492
"52","Käferholzstrasse 244, 8046  Zürich, Switzerland",47.41012095,8.52477905417654
"53","Anemonenstrasse 40 F, 8047  Zürich, Switzerland",47.3808077,8.4955647
"54","Dachslernstrasse 85A, 8048  Zürich, Switzerland",47.39080345,8.47382385888031
"55","Dachslernstrasse 85A, 8048  Zürich, Switzerland",47.39080345,8.47382385888031
"56","Badenerstrasse 753, 8048  Zürich, Switzerland",47.3909982,8.47838190438452
"57","Zwyssigstrasse 10, 8048  Zürich, Switzerland",47.38367045,8.48470547150735
"58","Schneebeliweg 1, 8048  Zürich, Switzerland",47.3845464,8.4828834
"59","Dachslernstrasse 85A, 8048  Zürich, Switzerland",47.39080345,8.47382385888031
"60","Bombachsteig 12, 8049  Zürich, Switzerland",47.4040146,8.48973825359474
"61","Imbisbühlstrasse 108, 8049  Zürich, Switzerland",47.4023631,8.4956366
"62","Tobeleggweg 22, 8049  Zürich, Switzerland",47.39759545,8.50288180696871
"63","Eggbühlstrasse 8, 8050  Zürich, Switzerland",47.41647265,8.5443313
"64","Leutschenbachstrasse 50/50a, 8050  Zürich, Switzerland",47.4145426,8.5530539
"65","Schaffhauserstrasse 299, 8050  Zürich, Switzerland",47.40622595,8.54813124634545
"66","Schaffhauserstrasse 299, 8050  Zürich, Switzerland",47.40622595,8.54813124634545
"67","Wallisellenstrasse 389, 8050  Zürich, Switzerland",47.4113559,8.56586812377543
"68","Leutschenbachstrasse 30 - B1206, 8050  Zürich, Switzerland",NA,NA
"69","Leutschenbachstrasse 40, 8050  Zürich, Switzerland",47.4157099,8.5544499
"70","Schwamendingenstrasse 11, 8050  Zürich, Switzerland",47.4081383,8.5474312
"71","Siewerdtstrasse 15, 8050  Zürich, Switzerland",47.41239075,8.54846515805014
"72","Caspar-Wüest-Strasse 17, 8052  Zürich, Switzerland",47.4293999,8.54251587934212
"73","Käshaldenstrasse 41, 8052  Zürich, Switzerland",47.4297205,8.53892403677263
"74","Felsenrainstrasse 17, 8052  Zürich, Switzerland",47.4181904,8.54419883073022
"75","Himmeristrasse 60, 8052  Zürich, Switzerland",47.419486,8.5359112
"76","Schaffhauserstrasse 498, 8052  Zürich, Switzerland",47.421224,8.550043
"77","Frohbühlstrasse 2, 8052  Zürich, Switzerland",47.4276325,8.55189391750184
"78","Schärenmoosstrasse 76, 8052  Zürich, Switzerland",47.4185797,8.55646613964166
"79","Buchholzstrasse 104, 8053  Zürich, Switzerland",47.36036975,8.58845014620128
"80","Buchholzstrasse 94, 8053  Zürich, Switzerland",47.36065535,8.58798897155315
"81","Schweighofstrasse 430, 8055  Zürich, Switzerland",47.3685148,8.501556
"82","Gutstrasse 158 160 162, 8055  Zürich, Switzerland",47.370655,8.5088191
"83","Gutstrasse 178 180 182, 8055  Zürich, Switzerland",47.370655,8.5088191
"84","Schweighofstrasse 412, 8055  Zürich, Switzerland",47.3677217,8.50211910764251
"85","Schweighofstrasse 412, 8055  Zürich, Switzerland",47.3677217,8.50211910764251
"86","Bucheggstrasse 162, 8057  Zürich, Switzerland",47.39870505,8.54088815611522
"87","Wehntalerstrasse 90/92, 8057  Zürich, Switzerland",47.3969096,8.5408947
"88","Winterthurerstrasse 300, 8057  Zürich, Switzerland",47.4028498,8.55509334463358
"89","Blütenstrasse 2, 8057  Zürich, Switzerland",47.4047856,8.54789089582779
"90","Turbinenstrasse 60, 8005  Zürich, Switzerland",47.3871099,8.512941603636
"91","Kurfirstenstrasse 61, 8002  Zürich, Switzerland",47.35296115,8.52873932441501
"92","Schulhausstrasse, 14, 8002  Zürich, Switzerland",47.3620228,8.5302135
"93","Werdstrasse, 8003  Zürich, Switzerland",47.3727417,8.5300829
"94","8004  Zürich, Switzerland",47.3770500505787,8.52236616271608
"95","Zypressenstrasse, 82, 8004  Zürich, Switzerland",47.3804915,8.5172675
"96","8006  Zürich, Switzerland",47.3861987598469,8.54503384211701
"97","Hotzestrasse, 8006  Zürich, Switzerland",47.3907615,8.5409587
"98","Scheuchzerstrasse 77, 8006  Zürich, Switzerland",47.3871254,8.544436
"99","Pfirsichstrasse, 8006  Zürich, Switzerland",47.3898174,8.5373297
"100","Zimmergasse 10, 8008  Zürich, Switzerland",47.3628932,8.5509125
"101","8032  Zürich, Switzerland",47.366731258805,8.56194358855181
"102","Albisstrasse 95, 8038  Zürich, Switzerland",47.3395848,8.5302401
"103","Seestrasse, 293, 8038  Zürich, Switzerland",47.3496106,8.53263322406422
"104","Rüdigerstrasse 11, 8045  Zürich, Switzerland",47.360338,8.52126967064505
"105","Eulenweg 27, 8048  Zürich, Switzerland",47.3835106,8.48145638277899
"106","Berninastrasse 58, 8057 Zurigo1 ½ Zimmer-Wohnung in  Zürich, Switzerland",NA,NA
"107","1CHF 30.–Münsterhof 11, 8001  Zürich, Switzerland",NA,NA
"108","Häringstrasse 13, 8001  Zürich, Switzerland",47.3750722,8.54491813358525
"109","Hornergasse 15, 8001  Zürich, Switzerland",47.3742146,8.5359724
"110","Hirschengraben 3, 8001  Zürich, Switzerland",47.3695019,8.54755409107505
"111","Weite Gasse 6, 8001  Zürich, Switzerland",47.3684632,8.54529581652951
"112","5CHF 350.–Zähringestrasse 36, 8001  Zürich, Switzerland",NA,NA
"113","Wettingerwies 7, 8001  Zürich, Switzerland",47.3693676,8.5495277
"114","Weite G. 6, 8001  Zürich, Switzerland",47.3684725,8.5450977
"115","Frankengasse 11, 8001  Zürich, Switzerland",47.3697877,8.5455254
"116","Untere Zäune 21, 8001  Zürich, Switzerland",47.3717963,8.54540556467047
"117","8001  Zürich, Switzerland",47.3705688,8.53744305065265
"118","8001  Zürich, Switzerland",47.3705688,8.53744305065265
"119","Marktgasse 7/9, 8001  Zürich, Switzerland",47.3718023,8.5428324
"120","Schützengasse 32, 8001  Zürich, Switzerland",47.37711945,8.53757011718026
"121","Kuttelgasse 3, 8001  Zürich, Switzerland",47.37285,8.53930786076233
"122","Strehlgasse 9, 8001  Zürich, Switzerland",47.3717253,8.54111261568006
"123","Niederdorfstrasse 5, 8001  Zürich, Switzerland",47.3729061,8.5436598
"124","Schwanengasse 5, 8001  Zürich, Switzerland",47.3720376,8.541169
"125","Pfalzgasse 2/4, 8001  Zürich, Switzerland",47.3724952,8.5407329
"126","Oberdorfstrasse 2, 8001  Zürich, Switzerland",47.3682948,8.5459868
"127","8001  Zürich, Switzerland",47.3705688,8.53744305065265
"128","8001  Zürich, Switzerland",47.3705688,8.53744305065265
"129","8001  Zürich, Switzerland",47.3705688,8.53744305065265
"130","Untere Zäune 21, 8001  Zürich, Switzerland",47.3717963,8.54540556467047
"131","Scheitergasse 10, 8001  Zürich, Switzerland",47.36869965,8.54506527137312
"132","Predigerplatz 18, 8001  Zürich, Switzerland",47.3734947,8.54544036676966
"133","Münsterhof 9, 8001  Zürich, Switzerland",47.37029325,8.54039444834194
"134","Kuttelgasse 15, 8001  Zürich, Switzerland",47.3727572,8.5389234
"135","Strehlgasse 9, 8001  Zürich, Switzerland",47.3717253,8.54111261568006
"136","Weinbergfussweg 4, 8001  Zürich, Switzerland",47.3790061,8.5446289
"137","Basteiplatz 3, 8001  Zürich, Switzerland",47.3695538,8.5360712043528
"138","Schützengasse 32, 8001  Zürich, Switzerland",47.37711945,8.53757011718026
"139","Münstergasse 14, 8001  Zürich, Switzerland",47.37112495,8.54467583514067
"140","arkt 8, 8001  Zürich, Switzerland",NA,NA
"141","Löwenstrasse 43, 8001  Zürich, Switzerland",47.375927,8.5368796
"142","Waldmannstrasse 12a, 8001  Zürich, Switzerland",47.3685088,8.5466004
"143","Münsterhof 11, 8001  Zürich, Switzerland",47.37035095,8.5404530725
"144","Münsterhof 9, 8001  Zürich, Switzerland",47.37029325,8.54039444834194
"145","8001  Zürich, Switzerland",47.3705688,8.53744305065265
"146","8001  Zürich, Switzerland",47.3705688,8.53744305065265
"147","8001  Zürich, Switzerland",47.3705688,8.53744305065265
"148","Rieterstrasse, 8002  Zürich, Switzerland",47.3609885,8.525611
"149","Rieterstrasse, 8002  Zürich, Switzerland",47.3609885,8.525611
"150","Hügelstr. 8, 8002  Zürich, Switzerland",47.35764005,8.52514185529517
"151","8CHF 1,580.–Kappelistrasse 6N, 8002  Zürich, Switzerland",NA,NA
"152","Rieterstrasse 52, 8002  Zürich, Switzerland",47.35713755,8.52582331164974
"153","Hügelstrasse 9, 8002  Zürich, Switzerland",47.3578037,8.52629685
"154","Waffenplatzstr. 21, 8002  Zürich, Switzerland",47.36077155,8.5267803
"155","Seestrase 65, 8002  Zürich, Switzerland",NA,NA
"156","Rieterstrasse 52, 8002  Zürich, Switzerland",47.35713755,8.52582331164974
"157","Bederstrasse 82, 8002  Zürich, Switzerland",47.36258695,8.52679195
"158","Steinhaldenstrasse 37, 8002  Zürich, Switzerland",47.36000485,8.52765897514652
"159","Richard-Wagner-Strasse 23, 8002  Zürich, Switzerland",47.3595629,8.53294
"160","Bederstrasse 82, 8002  Zürich, Switzerland",47.36258695,8.52679195
"161","möbli4rte Wohnung Brandschenkesteig 2, 8002  Zürich, Switzerland",NA,NA
"162","Steinhaldenstrasse 46, 8002  Zürich, Switzerland",47.3594643,8.52751372283655
"163","Mutschellenstrasse 35, 8002  Zürich, Switzerland",47.35257035,8.52739864477288
"164","Lavaterstr. 63, 8002  Zürich, Switzerland",47.36138385,8.53333028717217
"165","Brandschenkestrasse 40, 8002  Zürich, Switzerland",47.3622309,8.5264846
"166","Seestrasse 17, 19, 8002  Zürich, Switzerland",47.3647787,8.5317462
"167","Waffenplatzstrasse 67, 8002  Zürich, Switzerland",47.3580818,8.52719337494118
"168","Waffenplatzstrasse 88, 8002  Zürich, Switzerland",47.3551054,8.52671249416355
"169","Mutschellenstrasse 20, 8002  Zürich, Switzerland",47.3533512,8.52688152910354
"170","8002  Zürich, Switzerland",47.3619039071344,8.52935462534893
"171","Alfred Escherstr. 66, 8002  Zürich, Switzerland",47.3608098,8.53387857261765
"172","Alfred Escherstr. 66, 8002  Zürich, Switzerland",47.3608098,8.53387857261765
"173","Brandschenkestrasse 40, 8002  Zürich, Switzerland",47.3622309,8.5264846
"174","Brandschenkestrasse 56, 8002  Zürich, Switzerland",47.36793705,8.52909759502617
"175","Bodmerstrasse 7, 8002  Zürich, Switzerland",47.3652879,8.533257
"176","Genferstrasse 24, 8002  Zürich, Switzerland",47.36537245,8.53430981160545
"177","Beethovenstrasse 24, 8002  Zürich, Switzerland",47.3666951,8.5366584
"178","Richard-Wagner-Strasse 12, 8002  Zürich, Switzerland",47.3602562,8.53232660648878
"179","Gotthardstrasse 53, 8002  Zürich, Switzerland",47.364803,8.5333779
"180","General Guisan-Quai 20, 8002  Zürich, Switzerland",47.3648024,8.5372098
"181","Badenerstrasse, 8003  Zürich, Switzerland",47.3756221,8.5164088
"182","Badenerstrasse, 8003  Zürich, Switzerland",47.3756221,8.5164088
"183","Erlachstrasse 25, 8003  Zürich, Switzerland",47.36777715,8.52140843327044
"184","Zentralstr. 51, 8003  Zürich, Switzerland",47.3720163,8.51894975
"185","Gertrudstrasse 12, 8003  Zürich, Switzerland",47.3741496,8.51617424774731
"186","Weststr. 133, 8003  Zürich, Switzerland",47.37269575,8.51922218717641
"187","Badenerstrasse, 8003  Zürich, Switzerland",47.3756221,8.5164088
"188","Badenerstrasse, 8003  Zürich, Switzerland",47.3756221,8.5164088
"189","Badenerstrasse, 8003  Zürich, Switzerland",47.3756221,8.5164088
"190","Brinerstrasse 4, 8003  Zürich, Switzerland",47.36957585,8.51829734858064
"191","Weststrasse 175, 8003  Zürich, Switzerland",47.37418695,8.51762484450934
"192","Wuhrstrasse, 8003  Zürich, Switzerland",47.3684537,8.5199966
"193","Dubsstrasse 30, 8003  Zürich, Switzerland",47.3675771,8.52169105409163
"194","Aemtlerstrasse 160, 8003  Zürich, Switzerland",47.3764203,8.5101778
"195","Goldbrunnenstrasse, 8003  Zürich, Switzerland",47.3698602,8.513618
"196","Dubsstrasse 30, 8003  Zürich, Switzerland",47.3675771,8.52169105409163
"197","Weststrasse 55, 8003  Zürich, Switzerland",47.37037235,8.52226477859395
"198","Idastrasse 3, 8003  Zürich, Switzerland",47.37209035,8.51609828838817
"199","Zelgstrasse 19, 8003  Zürich, Switzerland",47.3676597,8.52189177531447
"200","Bremgartnerstrasse 30, 8003  Zürich, Switzerland",47.37154995,8.51899154998261
"201","Zentralstrasse 53, 8003  Zürich, Switzerland",47.37211575,8.51883714482044
"202","Stationsstrasse 6, 8003  Zürich, Switzerland",47.3729693,8.51982448706733
"203","Albisriederstrasse 20, 8003  Zürich, Switzerland",47.3781605,8.5083520246504
"204","Zelgstrasse 19, 8003  Zürich, Switzerland",47.3676597,8.52189177531447
"205","Zelgstrasse 19, 8003  Zürich, Switzerland",47.3676597,8.52189177531447
"206","Zentralstrasse 133, 8003  Zürich, Switzerland",47.37514845,8.5151020567975
"207","Zelgstrasse 19, 8003  Zürich, Switzerland",47.3676597,8.52189177531447
"208","8003  Zürich, Switzerland",47.3728302719789,8.51559449582855
"209","8003  Zürich, Switzerland",47.3728302719789,8.51559449582855
"210","Bertastrasse 74, 8003  Zürich, Switzerland",47.3724139,8.51055312069194
"211","Rotachstrasse 27, 8003  Zürich, Switzerland",47.3703718,8.5153437
"212","Gertrudstrasse 22, 8003  Zürich, Switzerland",47.37407,8.51603332378805
"213","Zelgstrasse 19, 8003  Zürich, Switzerland",47.3676597,8.52189177531447
"214","Zelgstrasse 19, 8003  Zürich, Switzerland",47.3676597,8.52189177531447
"215","Rotachstrasse 17, 8003  Zürich, Switzerland",47.36972385,8.51608501123897
"216","Kalkbreitestrasse 41, 8003  Zürich, Switzerland",47.37331085,8.51944630925378
"217","Aemtlerstrasse 86, 8003  Zürich, Switzerland",47.3737738,8.5138059
"218","Aemtlerstrasse 86, 8003  Zürich, Switzerland",47.3737738,8.5138059
"219","Rotachstrasse 17, 8003  Zürich, Switzerland",47.36972385,8.51608501123897
"220","Rotachstrasse 20, 8003  Zürich, Switzerland",47.3701625,8.51658155
"221","Kalkbreitestrasse 41, 8003  Zürich, Switzerland",47.37331085,8.51944630925378
"222","Gertrudstrasse 22, 8003  Zürich, Switzerland",47.37407,8.51603332378805
"223","Gertrudstrasse 22, 8003  Zürich, Switzerland",47.37407,8.51603332378805
"224","Magnolienstrasse 6, 8003  Zürich, Switzerland",47.36043895,8.55110495
"225","Badenerstrasse, 8004  Zürich, Switzerland",47.3744787,8.5217477
"226","Müllerstrasse, 8004  Zürich, Switzerland",47.3769241,8.5275415
"227","Badenerstrasse 362, 8004  Zürich, Switzerland",47.3744787,8.5217477
"228","Ankerstrasse 113, 8004  Zürich, Switzerland",47.376328,8.527878
"229","Militärstrasse 12, 8004  Zürich, Switzerland",47.3763651,8.5333164
"230","Anwandstrasse 10, 8004  Zürich, Switzerland",47.3761613,8.5246877
"231","Anwandstrasse 10, 8004  Zürich, Switzerland",47.3761613,8.5246877
"232","Hallwylstrasse 40, 8004  Zürich, Switzerland",47.37143405,8.52850059912883
"233","Feldstrasse 46, 8004  Zürich, Switzerland",47.3763415,8.5215281
"234","Müllerstrasse 63, 8004  Zürich, Switzerland",47.3757372,8.5288666
"235","Knüslistrasse, 8004  Zürich, Switzerland",47.3847029,8.5093159
"236","Anwandstrasse 10, 8004  Zürich, Switzerland",47.3761613,8.5246877
"237","Anwandstrasse 10, 8004  Zürich, Switzerland",47.3761613,8.5246877
"238","Müllerstrasse 63, 8004  Zürich, Switzerland",47.3757372,8.5288666
"239","Engelstrasse 60, 8004  Zürich, Switzerland",47.3765988,8.5238506
"240","Elisabethenstr. 6, 8004  Zürich, Switzerland",47.3727374,8.5230839
"241","Elisabethenstr. 6, 8004  Zürich, Switzerland",47.3727374,8.5230839
"242","Freyastrasse 20, 8004  Zürich, Switzerland",47.3723314,8.5240057
"243","Zwinglistrasse 8, 8004  Zürich, Switzerland",47.3780527,8.5295835
"244","Brauerstrasse 29, 8004  Zürich, Switzerland",47.3775702,8.5272431
"245","Dienerstrasse 15, 8004  Zürich, Switzerland",47.3776955,8.5283992
"246","Sihlhallenstrasse 11, 8004  Zürich, Switzerland",47.3797785,8.5267227
"247","Sihlfeldstrasse 83, 8004  Zürich, Switzerland",47.3759725,8.5162411
"248","Morgartenstrasse 15, 8004  Zürich, Switzerland",47.37116415,8.52878655
"249","Engelstrasse 60, 8004  Zürich, Switzerland",47.3765988,8.5238506
"250","Dienerstrasse 20, 8004  Zürich, Switzerland",47.3777781,8.5284966
"251","Brauerstrasse 3, 8004  Zürich, Switzerland",47.3769262,8.5284802
"252","Hohlstrasse 104, 8004  Zürich, Switzerland",47.37918145,8.52268994068123
"253","Hohlstrasse 104, 8004  Zürich, Switzerland",47.37918145,8.52268994068123
"254","Badenerstrasse 414, 8004  Zürich, Switzerland",47.3744787,8.5217477
"255","Bienenstrasse 1, 8004  Zürich, Switzerland",47.3807849,8.50774560729803
"256","Bienenstrasse 3, 8004  Zürich, Switzerland",47.3808799,8.50753459636118
"257","Hohlstrasse 100, 8004  Zürich, Switzerland",47.3793872,8.52295811559348
"258","Verena-Conzett-Strasse 34, 8004  Zürich, Switzerland",47.3702609,8.52561643588583
"259","Badenerstrasse 362, 8004  Zürich, Switzerland",47.3744787,8.5217477
"260","Morgartenstrasse 15, 8004  Zürich, Switzerland",47.37116415,8.52878655
"261","Bienenstrasse 3, 8004  Zürich, Switzerland",47.3808799,8.50753459636118
"262","Feldstrasse 46, 8004  Zürich, Switzerland",47.3763415,8.5215281
"263","Brauerstrasse 3, 8004  Zürich, Switzerland",47.3769262,8.5284802
"264","Brauerstrasse 3, 8004  Zürich, Switzerland",47.3769262,8.5284802
"265","Hohlstrasse 204, 8004  Zürich, Switzerland",47.3817952,8.5169649
"266","Martastrasse 102, 8004  Zürich, Switzerland",47.3769052,8.51558436325966
"267","Werdstrasse 106, 8004  Zürich, Switzerland",47.3711147,8.52525503559272
"268","Lagerstr. 87, 8004  Zürich, Switzerland",47.3778508,8.5327137
"269","Sihlfeldstrasse 83, 8004  Zürich, Switzerland",47.3759725,8.5162411
"270","Hohlstrasse 30, 8004  Zürich, Switzerland",47.3772881,8.5274662
"271","Dienerstrasse 20, 8004  Zürich, Switzerland",47.3777781,8.5284966
"272","Dienerstrasse 20, 8004  Zürich, Switzerland",47.3777781,8.5284966
"273","Dienerstrasse 20, 8004  Zürich, Switzerland",47.3777781,8.5284966
"274","Cramerstrasse 16, 8004  Zürich, Switzerland",47.3734668,8.5262689
"275","Kanzleistrasse 77, 8004  Zürich, Switzerland",47.37546705,8.52426242938961
"276","Badenerstrasse 47, 8004  Zürich, Switzerland",47.3731883,8.5284771
"277","Rolandstrasse 9, 8004  Zürich, Switzerland",47.3789404,8.5267275
"278","Sihlhallenstrasse 11, 8004  Zürich, Switzerland",47.3797785,8.5267227
"279","Hohlstr. 357, 8004  Zürich, Switzerland",47.3847187,8.50884694969789
"280","Dienerstrasse 20, 8004  Zürich, Switzerland",47.3777781,8.5284966
"281","Schöntalstrasse 27, 8004  Zürich, Switzerland",47.370906,8.5261543
"282","Badenerstrasse 250, 8004  Zürich, Switzerland",47.3759902,8.51601743298077
"283","Pflanzschulstrasse 23, 8004  Zürich, Switzerland",47.3762491,8.5191366
"284","Werdstrasse 104, 8004  Zürich, Switzerland",47.3712413,8.52538968556625
"285","Dienerstrasse 6, 8004  Zürich, Switzerland",47.3776,8.5290717
"286","Badenerstrasse 414, 8004  Zürich, Switzerland",47.3744787,8.5217477
"287","Badenerstrasse 250, 8004  Zürich, Switzerland",47.3759902,8.51601743298077
"288","Badenerstrasse 18, 8004  Zürich, Switzerland",47.3739556,8.5303831
"289","8004  Zürich, Switzerland",47.3770500505787,8.52236616271608
"290","Militärstrasse 16, 8004  Zürich, Switzerland",47.3765461,8.5331122
"291","Badenerstrasse 18, 8004  Zürich, Switzerland",47.3739556,8.5303831
"292","Magnusstrasse 4, 8004  Zürich, Switzerland",47.3793724,8.5245777
"293","Hohlstrasse 100, 8004  Zürich, Switzerland",47.3793872,8.52295811559348
"294","Köchlistrasse 18, 8004  Zürich, Switzerland",47.3735839,8.52331795375796
"295","Schöneggstrasse 15, 8004  Zürich, Switzerland",47.3800222,8.5267451
"296","Badenerstrasse 18, 8004  Zürich, Switzerland",47.3739556,8.5303831
"297","Eichbühlstrasse 64, 8004  Zürich, Switzerland",47.3841054,8.50818281932991
"298","Stauffacherstrasse 27, 8004  Zürich, Switzerland",47.3730307,8.5289642
"299","Badenerstrasse, 8004  Zürich, Switzerland",47.3744787,8.5217477
"300","St.Jakobstrasse 61, 8004  Zürich, Switzerland",47.3755349,8.5304207
"301","Pflanzschulstrasse 99, 8004  Zürich, Switzerland",47.3789669,8.5220336
"302","Zweierstrasse 18, 8004  Zürich, Switzerland",47.37306415,8.5265895076325
"303","Badenerstrasse 250, 8004  Zürich, Switzerland",47.3759902,8.51601743298077
"304","Kochstrasse 19, 8004  Zürich, Switzerland",47.3780379,8.5149578925446
"305","Kanzleistrasse 18, 8004  Zürich, Switzerland",47.3738206,8.5278365
"306","Stauffacherstrasse 37, 8004  Zürich, Switzerland",47.3739127,8.5283678
"307","Badenerstrasse 250, 8004  Zürich, Switzerland",47.3759902,8.51601743298077
"308","Gustav-Gull-Platz 11, 8004  Zürich, Switzerland",47.3793807,8.5317881
"309","Gustav-Gull-Platz 11, 8004  Zürich, Switzerland",47.3793807,8.5317881
"310","Sihlfeldstrasse 83, 8004  Zürich, Switzerland",47.3759725,8.5162411
"311","Heinrichstrasse, 8005  Zürich, Switzerland",47.3873638,8.5256891
"312","Ausstellungsstr. 112, 8005  Zürich, Switzerland",47.3845931,8.53253090324687
"313","Zollstrasse 16, 8005  Zürich, Switzerland",47.38008515,8.53618279474369
"314","Limmatstrasse 73, 8005  Zürich, Switzerland",47.3824792,8.53418672542273
"315","Ackerstrasse 54, 8005  Zürich, Switzerland",47.3831489,8.53311006368334
"316","Neugasse 50, 8005  Zürich, Switzerland",47.3827698,8.52973246324635
"317","Motorenstrasse 18, 8005  Zürich, Switzerland",47.3843831,8.5284636
"318","strasse 120A, 8005  Zürich, Switzerland",47.5256562,8.4523115
"319","Limmatstrasse 27, 8005  Zürich, Switzerland",47.38097975,8.5362308742354
"320","Zollstrasse 57, 8005  Zürich, Switzerland",47.38054605,8.5332265415
"321","Förrlibuckstrasse 227, 8005  Zürich, Switzerland",47.39227405,8.50705436357854
"322","Heinrichstrasse 235, 8005  Zürich, Switzerland",47.3884806,8.5231891
"323","Zollstrasse 57, 8005  Zürich, Switzerland",47.38054605,8.5332265415
"324","Josefstrasse 17, 8005  Zürich, Switzerland",47.3807929,8.5339463
"325","Giessereistrasse 12, 8005  Zürich, Switzerland",47.3901895,8.518144
"326","Turbinenstrasse 18, 8005  Zürich, Switzerland",47.3882483,8.5144863
"327","Pfingstweidstrasse 98, 8005  Zürich, Switzerland",47.3904653,8.5102824
"328","Turbinenstrasse 18, 8005  Zürich, Switzerland",47.3882483,8.5144863
"329","Hardstrasse 324, 8005  Zürich, Switzerland",47.390361,8.5227713
"330","Stampfenbachstrasse 157, 8006  Zürich, Switzerland",47.38755585,8.53936853460744
"331","Götzstrasse 15, 8006  Zürich, Switzerland",47.38999615,8.54484730997375
"332","Bolleystrasse 17, 8006  Zürich, Switzerland",47.38123495,8.5492574
"333","Culmannstr. 45, 8006  Zürich, Switzerland",47.3821725,8.5474623
"334","Hadlaubstrasse 79, 8006  Zürich, Switzerland",47.38694685,8.55115726899827
"335","Nordstrasse 8, 8006  Zürich, Switzerland",47.38418505,8.53959694709302
"336","nahe Schaffhauserplatz, 8006  Zürich, Switzerland",NA,NA
"337","Götzstrasse 5 (EG), 8006  Zürich, Switzerland",NA,NA
"338","Culmannstr. 45, 8006  Zürich, Switzerland",47.3821725,8.5474623
"339","Universitätsstrasse 110, 8006  Zürich, Switzerland",NA,NA
"340","Götzstrasse 5 (3.OG), 8006  Zürich, Switzerland",NA,NA
"341","Sonneggstrasse 77, 8006  Zürich, Switzerland",47.38254695,8.54424122910099
"342","Sonneggstrasse 77, 8006  Zürich, Switzerland",47.38254695,8.54424122910099
"343","Stüssistrasse 15, 8006  Zürich, Switzerland",47.3904451,8.54243121121125
"344","nahe Schaffhauserplatz, 8006  Zürich, Switzerland",NA,NA
"345","Universitätsstrasse 80/82, 8006  Zürich, Switzerland",NA,NA
"346","Universitätsstrasse 80/82, 8006  Zürich, Switzerland",NA,NA
"347","Universitätsstrasse 80/82, 8006  Zürich, Switzerland",NA,NA
"348","Bolleystrasse 20, 8006  Zürich, Switzerland",47.3810106,8.54912186366816
"349","Universitätsstrasse 80/82, 8006  Zürich, Switzerland",NA,NA
"350","Vogelsangstrasse 46, 8006  Zürich, Switzerland",47.38391385,8.54910112816728
"351","Lindenbachstrasse 50, 8006  Zürich, Switzerland",47.3895664,8.53703712050947
"352","Universitätsstrasse 80/82, 8006  Zürich, Switzerland",NA,NA
"353","Universitätsstrasse 80/82, 8006  Zürich, Switzerland",NA,NA
"354","Rigistrasse 31, 8006  Zürich, Switzerland",47.38528205,8.54987637295863
"355","Haldenbachstrasse 9, 8006  Zürich, Switzerland",47.38022035,8.54753267125257
"356","Culmannstrasse 34, 8006  Zürich, Switzerland",47.38143375,8.54762060856898
"357","Universitätsstrasse 80/82, 8006  Zürich, Switzerland",NA,NA
"358","Schaffhauserstrasse 35, 8006  Zürich, Switzerland",47.39076175,8.53854738204574
"359","Weinbergstrasse 72, 8006  Zürich, Switzerland",47.3836097,8.54360808529682
"360","Hochfarbstrasse 14, 8006  Zürich, Switzerland",47.37966325,8.54382833363751
"361","Universitätsstrasse 80/82, 8006  Zürich, Switzerland",NA,NA
"362","Turnerstrasse 38, 8006  Zürich, Switzerland",47.38668615,8.54310304126168
"363","Winterthurerstrasse 16, 8006  Zürich, Switzerland",47.3876735,8.5470467
"364","Weinbergstrasse 111, 8006  Zürich, Switzerland",47.38605605,8.5417127677718
"365","Schaffhauserstrasse 43, 8006  Zürich, Switzerland",47.3911588,8.53849226040913
"366","Weinbergstrasse 161, 8006  Zürich, Switzerland",47.3908241,8.539244
"367","8006  Zürich, Switzerland",47.3861987598469,8.54503384211701
"368","Rötelstr. 6, 8006  Zürich, Switzerland",47.38998925,8.53827394432433
"369","Kurvenstrasse 40, 8006  Zürich, Switzerland",47.38553545,8.54157016471239
"370","Winterthurerstrasse 16, 8006  Zürich, Switzerland",47.3876735,8.5470467
"371","Nelkenstrasse 7, 8006  Zürich, Switzerland",47.3819566,8.54599237649028
"372","Haldenbachstrasse 34, 8006  Zürich, Switzerland",47.3808533,8.55016119980387
"373","Walchestr. 23, 8006  Zürich, Switzerland",47.3809186,8.5416806
"374","Haldenbachstrasse 34, 8006  Zürich, Switzerland",47.3808533,8.55016119980387
"375","Haldenbachstrasse 34, 8006  Zürich, Switzerland",47.3808533,8.55016119980387
"376","Haldenbachstrasse 34, 8006  Zürich, Switzerland",47.3808533,8.55016119980387
"377","Universitätstrasse 65, 8006  Zürich, Switzerland",47.38204865,8.54796582663568
"378","Universitätstrasse 65, 8006  Zürich, Switzerland",47.38204865,8.54796582663568
"379","Universitätstrasse 65, 8006  Zürich, Switzerland",47.38204865,8.54796582663568
"380","Hadlaubstrasse 56, 8006  Zürich, Switzerland",47.38483055,8.55312715516682
"381","Dufourstrasse 165, 8008  Zürich, Switzerland",47.3548107,8.55531414811467
"382","Witellikerstrasse 22, 8008  Zürich, Switzerland",47.3520047,8.57537865692746
"383","Forchstrasse 304, 8008  Zürich, Switzerland",47.35556285,8.57392462490472
"384","Arosastrasse, 8008  Zürich, Switzerland",47.3542594,8.5605057
"385","Kreuzstrasse 17, 8008  Zürich, Switzerland",47.36298855,8.54880912660218
"386","Kreuzstrasse 17, 8008  Zürich, Switzerland",47.36298855,8.54880912660218
"387","Wiesenstrasse 1, 8008  Zürich, Switzerland",47.3621123,8.5509104354798
"388","Seefeldstrasse, 8008  Zürich, Switzerland",47.3538758,8.5581921
"389","Dufourstrasse 189, 8008  Zürich, Switzerland",47.3537053,8.55664598398011
"390","Seefeldstrasse 32, 8008  Zürich, Switzerland",47.3633957,8.5492912
"391","Hallenstrasse 8, 8008  Zürich, Switzerland",47.36314775,8.54865288685622
"392","Arosatrasse, 8008  Zürich, Switzerland",NA,NA
"393","Dufourstrasse 150, 8008  Zürich, Switzerland",47.3555132,8.55398196873674
"394","Forchstrasse 277, 8008  Zürich, Switzerland",47.3574587,8.57299509357153
"395","Hallenstrasse 8, 8008  Zürich, Switzerland",47.36314775,8.54865288685622
"396","Wiesenstrasse 5, 8008  Zürich, Switzerland",47.36220575,8.55125630190353
"397","Lenggstrasse 24, 8008  Zürich, Switzerland",47.35155945,8.56902878640247
"398","Wildbachstrasse 66, 8008  Zürich, Switzerland",47.35491705,8.55801433721802
"399","Billrothstr. 18, 8008  Zürich, Switzerland",47.36229575,8.55828509375
"400","Hufgasse 19, 8008  Zürich, Switzerland",47.36489795,8.54952538444709
"401","Nussgasse 3, 8008  Zürich, Switzerland",47.35246295,8.55853876730769
"402","Paulstrasse 9, 8008  Zürich, Switzerland",47.3535942,8.55761000578928
"403","Mühlebachstrasse, 8008  Zürich, Switzerland",47.356407,8.5588742
"404","Russenweg 7, 8008  Zürich, Switzerland",47.35679465,8.57278002297668
"405","Balgriststrasse 37/39, 8008  Zürich, Switzerland",47.3540184,8.5768003
"406","Russenweg 7, 8008  Zürich, Switzerland",47.35679465,8.57278002297668
"407","Münchhaldenstrasse 7, 8008  Zürich, Switzerland",47.35388885,8.55695589999999
"408","Seefeldstrasse 313, 8008  Zürich, Switzerland",47.34705105,8.56507186775302
"409","Hufgasse 15, 8008  Zürich, Switzerland",47.36519465,8.54922995466536
"410","8008  Zürich, Switzerland",47.3537532,8.56074233189776
"411","Seefeldstrasse 313, 8008  Zürich, Switzerland",47.34705105,8.56507186775302
"412","Seefeldstrasse 102, 8008  Zürich, Switzerland",47.3595693,8.5525047014003
"413","Hammerstrasse 10, 8008  Zürich, Switzerland",47.3596206,8.5585046
"414","Seefeldstrasse 313, 8008  Zürich, Switzerland",47.34705105,8.56507186775302
"415","Feldeggstrasse, 8008  Zürich, Switzerland",47.361477,8.5542578
"416","Arbenzstrasse 3, 8008  Zürich, Switzerland",47.35847585,8.55578486528005
"417","Zollikerstrasse 191, 8008  Zürich, Switzerland",47.3527685,8.56322324814066
"418","Dahliastrasse 16, 8008  Zürich, Switzerland",47.3572381,8.5546441
"419","Mainaustrasse 43, 8008  Zürich, Switzerland",47.3612424,8.55205852574981
"420","Seefeldstrasse 27, 8008  Zürich, Switzerland",47.3635603,8.5495722
"421","Wildbachstrasse 69, 8008  Zürich, Switzerland",47.3543429,8.55911874985278
"422","Kreuzstrasse 40, 8008  Zürich, Switzerland",47.3633983,8.5504034
"423","Hammerstrasse 38, 8008  Zürich, Switzerland",47.3601635,8.56062961922759
"424","Zollikerstr. 23, 8008  Zürich, Switzerland",47.3635151,8.55523354766043
"425","Lindenstrasse 21, 8008  Zürich, Switzerland",47.3582153,8.5538821
"426","Billrothstr. 18, 8008  Zürich, Switzerland",47.36229575,8.55828509375
"427","Billrothstr. 18, 8008  Zürich, Switzerland",47.36229575,8.55828509375
"428","Mühlebachstrasse 155, 8008  Zürich, Switzerland",47.3571278,8.5584572
"429","Forchstrasse 62, 8008  Zürich, Switzerland",47.36267075,8.55811192302071
"430","Seefeldstrasse, 8008  Zürich, Switzerland",47.3538758,8.5581921
"431","Lindenstrasse 21, 8008  Zürich, Switzerland",47.3582153,8.5538821
"432","Seefeldstrasse 299, 8008  Zürich, Switzerland",47.34754805,8.5646991
"433","Utoquai 37, 8008  Zürich, Switzerland",47.36368,8.54678760592386
"434","8008  Zürich, Switzerland",47.3537532,8.56074233189776
"435","Sempacherstrasse 33, 8032  Zürich, Switzerland",47.3619814,8.56808389911762
"436","Hegibachstrasse, 8032  Zürich, Switzerland",47.3630646,8.5633695
"437","Englischviertelstrasse 52, 8032  Zürich, Switzerland",47.3660214,8.55810635024582
"438","Englischviertelstrasse 42, 8032  Zürich, Switzerland",47.3666411,8.55753189205268
"439","Kasinostrasse 11, 8032  Zürich, Switzerland",47.3684739,8.55541518636364
"440","Treichlerstrasse 2, 8032  Zürich, Switzerland",47.37067705,8.55756151453745
"441","Asylstrasse 125, 8032  Zürich, Switzerland",47.3652823,8.5648541
"442","Asylstrasse 125, 8032  Zürich, Switzerland",47.3652823,8.5648541
"443","Veilchenstrasse 14, 8032  Zürich, Switzerland",47.36573275,8.56363107121051
"444","Forchstrasse 218, 8032  Zürich, Switzerland",47.35952475,8.56921811592443
"445","Forchstrasse 150, 8032  Zürich, Switzerland",47.36032,8.56420162582016
"446","Asylstrasse 125, 8032  Zürich, Switzerland",47.3652823,8.5648541
"447","Fehrenstrasse, 23, 8032  Zürich, Switzerland",47.3708111,8.5589056
"448","Forchstrasse 127, 8032  Zürich, Switzerland",47.36080475,8.56229645563842
"449","Forchstrasse 138, 8032  Zürich, Switzerland",47.3604942,8.5631978
"450","Streulistrasse 23, 8032  Zürich, Switzerland",47.36584,8.5616989860567
"451","Streulistrasse 23, 8032  Zürich, Switzerland",47.36584,8.5616989860567
"452","Olivengasse 8, 8032  Zürich, Switzerland",47.36370145,8.55768055125628
"453","Dolderstrasse 65, 8032  Zürich, Switzerland",47.3714469,8.56225774999999
"454","Eidmattstrasse 14, 8032  Zürich, Switzerland",47.36409835,8.55742689172911
"455","Klosbachstrasse 80, 8032  Zürich, Switzerland",47.36725995,8.55994765790942
"456","Forchstr. 261, 8032  Zürich, Switzerland",47.3584217,8.5716383
"457","Forchstr. 261, 8032  Zürich, Switzerland",47.3584217,8.5716383
"458","Forchstr. 261, 8032  Zürich, Switzerland",47.3584217,8.5716383
"459","Zeltweg 72, 8032  Zürich, Switzerland",47.3668509,8.5529161162574
"460","Asylstr. 11, 8032  Zürich, Switzerland",47.36953625,8.55738288427115
"461","Asylstr. 11, 8032  Zürich, Switzerland",47.36953625,8.55738288427115
"462","Asylstr. 11, 8032  Zürich, Switzerland",47.36953625,8.55738288427115
"463","Sophienstr. 9, 8032  Zürich, Switzerland",47.36932545,8.5586012561825
"464","Hohenbühlstr. 7, 8032  Zürich, Switzerland",47.3663045,8.55187370000001
"465","Hönggerstr. 148, 8037  Zürich, Switzerland",47.39629305,8.5152779
"466","Rütschistrasse 17, 8037  Zürich, Switzerland",47.39346585,8.53230165826425
"467","Rotbuchstrasse, 8037  Zürich, Switzerland",47.3932576,8.5301397
"468","Nürenbergstrasse 25, 8037  Zürich, Switzerland",47.3932084,8.53324085351325
"469","Geibelstrasse 7, 8037  Zürich, Switzerland",47.39483935,8.52892149334979
"470","Geibelstrasse 7, 8037  Zürich, Switzerland",47.39483935,8.52892149334979
"471","Dorfstrasse 40, 8037  Zürich, Switzerland",47.3946851,8.52209361485937
"472","Dammstrasse 27, 8037  Zürich, Switzerland",47.3919675,8.5286561057754
"473","Nordstrasse 274, 8037  Zürich, Switzerland",47.3950278,8.5253226
"474","Nordstrasse 166, 8037  Zürich, Switzerland",47.3917397,8.53254004641559
"475","Bucheggstrasse 43, 8037  Zürich, Switzerland",47.3974772,8.53122925
"476","Lehenstrasse 62, 8037  Zürich, Switzerland",47.3966716,8.52217665
"477","Lehenstrasse 64, 8037  Zürich, Switzerland",47.396688,8.52178805
"478","Im Waidegg 5, 8037  Zürich, Switzerland",47.39816305,8.53183224420114
"479","Trottenstrasse 96, 8037  Zürich, Switzerland",47.3963777,8.51655486398746
"480","Nordstrasse 200, 8037  Zürich, Switzerland",47.3929679,8.53075383526383
"481","Breitensteinstr. 69, 8037  Zürich, Switzerland",47.39408995,8.51741103002503
"482","Rötelstrasse 73, 8037  Zürich, Switzerland",47.39388525,8.53331057716413
"483","Nordstrasse 309, 8037  Zürich, Switzerland",47.3956958,8.52182394238042
"484","Habsburgstrasse 10, 8037  Zürich, Switzerland",47.39171015,8.52782354347826
"485","Bucheggstrasse 21, 8037  Zürich, Switzerland",47.39671535,8.52872910961656
"486","Breitensteinstrasse, 8037  Zürich, Switzerland",47.3928129,8.5225915
"487","Nordbrücke 4, 8037  Zürich, Switzerland",47.3935843,8.5296761
"488","Owenweg, 8038  Zürich, Switzerland",47.3382768,8.5291357
"489","Albisstrasse 20, 8038  Zürich, Switzerland",47.34451085,8.53244172064286
"490","Kalchbühlstrasse 84, 8038  Zürich, Switzerland",47.3375774,8.53175586973091
"491","Heinrich Federer-Str. 15, 8038  Zürich, Switzerland",47.33596165,8.53143831649168
"492","Renggerstrasse 19, 8038  Zürich, Switzerland",47.3461805,8.53239712867177
"493","Elfenweg 1, 8038  Zürich, Switzerland",47.34874025,8.52500526396001
"494","Albisstrasse 44, 8038  Zürich, Switzerland",47.3438585,8.5298166
"495","nahe Widmerstrasse, 8038  Zürich, Switzerland",NA,NA
"496","Albisstrassse 72, 8038  Zürich, Switzerland",NA,NA
"497","David Hess-Weg 2, 8038  Zürich, Switzerland",47.3347805,8.53114088751545
"498","Seestrasse 320, 8038  Zürich, Switzerland",47.34807895,8.53249890847339
"499","Widmerstrasse 93, 8038  Zürich, Switzerland",47.3346517,8.53071098848599
"500","Honrainweg 8, 8038  Zürich, Switzerland",47.35057675,8.53285106310777
"501","Renggerstrasse 66, 8038  Zürich, Switzerland",47.34423245,8.53298320553648
"502","Mööslistrasse 1, 8038  Zürich, Switzerland",47.34531915,8.52918576581126
"503","Albisstrasse 11, 8038  Zürich, Switzerland",47.3444441,8.53316078829389
"504","Albisstrasse 39, 8038  Zürich, Switzerland",47.34378,8.53032779063106
"505","Seestrasse 307, 8038  Zürich, Switzerland",47.34879065,8.53274949603119
"506","Seestrasse 345, 8038  Zürich, Switzerland",47.34686315,8.53339106929242
"507","Seestrasse 247, 8038  Zürich, Switzerland",47.3515077,8.53224779772118
"508","Butzenstr. 39, 8038  Zürich, Switzerland",47.3406381,8.52591560643635
"509","Seestrasse 261, 8038  Zürich, Switzerland",47.35113265,8.53279059448631
"510","Maneggpromenade 88, 8041  Zürich, Switzerland",47.3329527,8.51399260688475
"511","Grossackerstrasse 64, 8041  Zürich, Switzerland",47.3254318,8.51015879158437
"512","Maneggpromenade 88, 8041  Zürich, Switzerland",47.3329527,8.51399260688475
"513","Im Mittelleimbach 7, 8041  Zürich, Switzerland",47.3251371,8.51529858681588
"514","Maneggplatz 48, 8041  Zürich, Switzerland",47.34004405,8.52008525
"515","Maneggpromenade 152, 8041  Zürich, Switzerland",47.3293735,8.5127393
"516","Sihlweidstrasse 12, 8041  Zürich, Switzerland",47.3261755,8.51643749699066
"517","Grossackerstrasse 79, 8041  Zürich, Switzerland",47.3242598,8.50940758149329
"518","Tuchmacherstrasse 72, 8041  Zürich, Switzerland",47.3396353,8.5214716
"519","Schlösslistrasse 27, 8044  Zürich, Switzerland",47.38422205,8.55841123920807
"520","Restelbergstrasse 64, 8044  Zürich, Switzerland",47.38334915,8.55565326061696
"521","Hofstrasse 79, 8044  Zürich, Switzerland",47.37392465,8.56155815018399
"522","Zürich, Switzerland",47.3744489,8.5410422
"523","Fritz-Fleinerweg 15, 8044  Zürich, Switzerland",NA,NA
"524","Bergstrasse 3, 8044  Zürich, Switzerland",47.3758286,8.5600805847709
"525","Susenbergstrasse 62, 8044  Zürich, Switzerland",47.3828864,8.5625681
"526","Herzogstrasse 2, 8044  Zürich, Switzerland",47.37977045,8.55608034485497
"527","Keltenstrasse 6, 8044  Zürich, Switzerland",47.37658935,8.56079690892156
"528","Toblerstrasse 32, 8044  Zürich, Switzerland",47.3812227,8.55498805000001
"529","8044  Zürich, Switzerland",47.3799983178078,8.56258781355777
"530","Zürich, Switzerland",47.3744489,8.5410422
"531","Ebelstrasse, 8044  Zürich, Switzerland",47.3758776,8.5657321
"532","Mommsenstrasse 12, 8044  Zürich, Switzerland",47.37825025,8.55792876
"533","Hopfenstrasse 17, 8045  Zürich, Switzerland",47.3651053,8.52020724285802
"534","Uetlibergstrasse 124, 8045  Zürich, Switzerland",47.36088605,8.51671439157182
"535","Edenstrasse 9, 8045  Zürich, Switzerland",47.35977335,8.52168330659575
"536","Austrasse 39, 8045  Zürich, Switzerland",47.3649767,8.52005829024235
"537","Wannerstrasse 37, 8045  Zürich, Switzerland",47.35727015,8.51690204263165
"538","Uetlibergstrasse 27, 8045  Zürich, Switzerland",47.3641463,8.52086680551521
"539","Bachtobelstrasse 103, 8045  Zürich, Switzerland",47.359768,8.51276458494952
"540","Austrasse 20, 8045  Zürich, Switzerland",47.36612695,8.5196937
"541","Hopfenstrasse 12, 8045  Zürich, Switzerland",47.365281,8.52062794365262
"542","Giesshübelstrasse 106, 8045  Zürich, Switzerland",47.35885795,8.51733365687488
"543","Hopfenstrasse 8, 8045  Zürich, Switzerland",47.3652564,8.52079091513647
"544","Edenstrasse 10, 8045  Zürich, Switzerland",47.3600225,8.5217737
"545","Hofhölzliweg 5, 8046  Zürich, Switzerland",47.4100475,8.5266459
"546","Im Hagenbrünneli, 8046  Zürich, Switzerland",47.4155992,8.5129154
"547","Schwandenholzstrasse, 8046  Zürich, Switzerland",47.4238402,8.5197336
"548","Bächlerstr. 47, 8046  Zürich, Switzerland",47.41890835,8.50184995
"549","Schwandenholzstrasse 222, 8046  Zürich, Switzerland",47.42455625,8.52201624509363
"550","Schwandenholzstrasse 224, 8046  Zürich, Switzerland",47.42438185,8.5220396039284
"551","Hürststrasse 59, 8046  Zürich, Switzerland",47.4147113,8.52722769062926
"552","Alte Mühlackerstrasse 44, 8046  Zürich, Switzerland",47.4245099,8.5060949
"553","Althoosstrasse 5, 8046  Zürich, Switzerland",47.410449,8.52348663855069
"554","Althoossteig 9, 8046  Zürich, Switzerland",47.41064605,8.52504150168121
"555","Schumacherweg 37, 8046  Zürich, Switzerland",47.4132026,8.51310745489216
"556","Bergacker 9, 8046  Zürich, Switzerland",47.4171222,8.5075815
"557","Bachmannweg 27, 8046  Zürich, Switzerland",47.4206178,8.5053373
"558","Bergacker 17, 8046  Zürich, Switzerland",47.4168749,8.5079532
"559","Anton-Higi-Strasse 7, 8046  Zürich, Switzerland",47.410062,8.5254765
"560","Anton-Higi-Strasse 7, 8046  Zürich, Switzerland",47.410062,8.5254765
"561","Kügeliloostrasse 91, 8046  Zürich, Switzerland",47.4115157,8.5282437
"562","Althoossteig 11, 8046  Zürich, Switzerland",47.41078545,8.52487126372449
"563","Riedenhaldenstrasse 47, 8046  Zürich, Switzerland",47.4154547,8.51563383633728
"564","Hungerbergstrasse 5, 8046  Zürich, Switzerland",47.4202016,8.50171785184152
"565","Wehntalerstrasse 562, 8046  Zürich, Switzerland",47.420106,8.50535681024825
"566","Hürststrasse 49, 8046  Zürich, Switzerland",47.41414445,8.52701521920259
"567","Schwandenholzstrasse 210, 8046  Zürich, Switzerland",47.42468015,8.52244664829785
"568","Wehntalerstrasse 619, 8046  Zürich, Switzerland",47.4220796,8.49959037327038
"569","Hürststrasse 63, 8046  Zürich, Switzerland",47.4151454,8.5274169
"570","Bockhornstrasse, 8047  Zürich, Switzerland",47.3764952,8.481702
"571","Grütstrasse 53, 8047  Zürich, Switzerland",47.3757965,8.49006475430572
"572","Fellenbergstrasse 166, 8047  Zürich, Switzerland",47.37403015,8.50062551619668
"573","Wydäckerring 59, 8047  Zürich, Switzerland",47.3712242,8.4931581
"574","Diggelmannstrasse 33, 8047  Zürich, Switzerland",47.3782878,8.4806704
"575","Letzigraben 236, 8047  Zürich, Switzerland",47.3707874,8.49247411214074
"576","Im Heimgärtli 5, 8047  Zürich, Switzerland",47.37111485,8.48825134999999
"577","Triemlistrasse 113, 8047  Zürich, Switzerland",47.36963845,8.49113437679841
"578","Langgrütstrasse 29, 8047  Zürich, Switzerland",47.37298845,8.50124114714619
"579","Letzigraben 236, 8047  Zürich, Switzerland",47.3707874,8.49247411214074
"580","Anemonenstrasse 40 H, 8047  Zürich, Switzerland",47.3808077,8.4955647
"581","Anemonenstrasse 40 G, 8047  Zürich, Switzerland",47.3808077,8.4955647
"582","Fellenbergstrasse 227, 8047  Zürich, Switzerland",47.37414445,8.49676773422972
"583","Anemonenstrasse 42, 8047  Zürich, Switzerland",47.38131815,8.49510014731855
"584","Anemonenstrasse 42, 8047  Zürich, Switzerland",47.38131815,8.49510014731855
"585","oosstrasse 1a, 8047  Zürich, Switzerland",NA,NA
"586","In der Ey 17, 8047  Zürich, Switzerland",47.37464595,8.48850184230744
"587","Langgrütstrasse 105, 8047  Zürich, Switzerland",47.3727803,8.4955098
"588","Anemonenstrasse 42, 8047  Zürich, Switzerland",47.38131815,8.49510014731855
"589","Triemlistrasse 23, 8047  Zürich, Switzerland",47.3715348,8.48834
"590","Rautistrasse 10, 8047  Zürich, Switzerland",47.3801495,8.4944404
"591","Fellenbergstrasse 227, 8047  Zürich, Switzerland",47.37414445,8.49676773422972
"592","Diggelmannstrasse 29, 8047  Zürich, Switzerland",47.3780547,8.4809344
"593","Im Sträler 7, 8047  Zürich, Switzerland",47.37188605,8.50060703869203
"594","Anemonenstrasse 40 F, 8047  Zürich, Switzerland",47.3808077,8.4955647
"595","Albisriederstrasse 290a, 8047  Zürich, Switzerland",47.3773456,8.49118638892518
"596","Freilagerstrasse 99, 8047  Zürich, Switzerland",47.37999775,8.48734998358545
"597","Anemonenstr. 45, 8047  Zürich, Switzerland",47.3806752,8.49467776957149
"598","Rautistrasse 61, 8047  Zürich, Switzerland",47.38125625,8.48991570064314
"599","Freilagerstrasse 95, 8047  Zürich, Switzerland",47.38036405,8.487813438545
"600","Rautistrasse 67, 8047  Zürich, Switzerland",47.3815457,8.4894879
"601","Albisriederstrasse 290a, 8047  Zürich, Switzerland",47.3773456,8.49118638892518
"602","Feldblumenstrasse 45, 8048  Zürich, Switzerland",47.3847073,8.4822895
"603","Freihofstrasse 1, 8048  Zürich, Switzerland",47.3866292,8.5024387
"604","Segnesstrasse 9, 8048  Zürich, Switzerland",47.38833015,8.48583902190702
"605","Feldblumenstrasse 45, 8048  Zürich, Switzerland",47.3847073,8.4822895
"606","Baslerstrasse 45, 8048  Zürich, Switzerland",47.3852403,8.50000170825605
"607","Badenerstrasse 743, 8048  Zürich, Switzerland",47.39023035,8.47956443556767
"608","Karstlernstrasse 14, 8048  Zürich, Switzerland",47.38991215,8.47820051544003
"609","Girhaldenstr. 53, 8048  Zürich, Switzerland",47.38691705,8.47651304302662
"610","Grimselstrasse 2, 8048  Zürich, Switzerland",47.3870022,8.4891124
"611","Herrligweg 9, 8048  Zürich, Switzerland",47.38987525,8.48449829910927
"612","Altstetterstrasse 200, 8048  Zürich, Switzerland",47.38374995,8.48390239296405
"613","Altstetterstrasse 198, 8048  Zürich, Switzerland",47.3838947,8.4840335265129
"614","Eugen-Huber-Strasse 64, 8048  Zürich, Switzerland",47.38730285,8.47783456359821
"615","Baslerstrasse 71-77, 8048  Zürich, Switzerland",47.3897054,8.487026
"616","Herrligweg 9, 8048  Zürich, Switzerland",47.38987525,8.48449829910927
"617","Badenerstrasse 582, 8048  Zürich, Switzerland",47.3853808,8.4947482
"618","nahe Rautistrasse, 8048  Zürich, Switzerland",NA,NA
"619","Badenerstrasse 588, 8048  Zürich, Switzerland",47.3854459,8.4945382
"620","Kelchweg 18, 8048  Zürich, Switzerland",47.3891446,8.47961128594859
"621","Buckhauserstrasse 27, 8048  Zürich, Switzerland",47.38493475,8.4934986
"622","Dachslernstrasse 85A, 8048  Zürich, Switzerland",47.39080345,8.47382385888031
"623","Altstetterstrasse 140, 8048  Zürich, Switzerland",47.3885487,8.48654607403007
"624","Fuchsiastr. 14, 8048  Zürich, Switzerland",47.3834271,8.49750273034016
"625","Baslerstrasse 71-77, 8048  Zürich, Switzerland",47.3897054,8.487026
"626","Hohlstrasse 415, 8048  Zürich, Switzerland",47.38644065,8.50292956112244
"627","Hohlstrasse 415, 8048  Zürich, Switzerland",47.38644065,8.50292956112244
"628","Eulenweg 23, 8048  Zürich, Switzerland",47.38319475,8.48179089052983
"629","Schneebelistrasse 7, 8048  Zürich, Switzerland",47.38445925,8.48334520127891
"630","Dachslernstrasse 85A, 8048  Zürich, Switzerland",47.39080345,8.47382385888031
"631","Altstetterstrasse 151, 8048  Zürich, Switzerland",47.3873424,8.4867448
"632","Bachmattstrasse 25, 8048  Zürich, Switzerland",47.39081585,8.4848314575563
"633","Bachmattstrasse 25, 8048  Zürich, Switzerland",47.39081585,8.4848314575563
"634","Saumackerstrasse 29, 8048  Zürich, Switzerland",47.3881545,8.4888152
"635","Herrligweg, 8048  Zürich, Switzerland",47.3898871,8.4849337
"636","Eugen-Huber-Strasse 64, 8048  Zürich, Switzerland",47.38730285,8.47783456359821
"637","Altstetterstrasse 140, 8048  Zürich, Switzerland",47.3885487,8.48654607403007
"638","Kelchweg 1, 8048  Zürich, Switzerland",47.3883408,8.4804296
"639","Saumackerstrasse 98, 8048  Zürich, Switzerland",47.3835696,8.48666628456301
"640","Hohlstrasse 415, 8048  Zürich, Switzerland",47.38644065,8.50292956112244
"641","Hohlstrasse 415, 8048  Zürich, Switzerland",47.38644065,8.50292956112244
"642","Hohlstrasse 415, 8048  Zürich, Switzerland",47.38644065,8.50292956112244
"643","Hohlstrasse 415, 8048  Zürich, Switzerland",47.38644065,8.50292956112244
"644","Hohlstrasse 415, 8048  Zürich, Switzerland",47.38644065,8.50292956112244
"645","Hohlstrasse 415, 8048  Zürich, Switzerland",47.38644065,8.50292956112244
"646","Hohlstrasse 415, 8048  Zürich, Switzerland",47.38644065,8.50292956112244
"647","Hohlstrasse 415, 8048  Zürich, Switzerland",47.38644065,8.50292956112244
"648","Hohlstrasse 415, 8048  Zürich, Switzerland",47.38644065,8.50292956112244
"649","Hohlstrasse 415, 8048  Zürich, Switzerland",47.38644065,8.50292956112244
"650","Bachmattstrasse 25, 8048  Zürich, Switzerland",47.39081585,8.4848314575563
"651","Stampfenbrunnenstrasse 8, 8048  Zürich, Switzerland",47.3880245,8.47965745764006
"652","Baslerstrasse 149, 8048  Zürich, Switzerland",47.38954065,8.48697493878786
"653","Karstlernstrasse 2, 8048  Zürich, Switzerland",47.3904685,8.4789533
"654","Albulastr. 52, 8048  Zürich, Switzerland",47.3886574,8.4933329
"655","nahe Rautistrasse, 8048  Zürich, Switzerland",NA,NA
"656","Dachslernstrasse 85A, 8048  Zürich, Switzerland",47.39080345,8.47382385888031
"657","Dachslernstrasse 85A, 8048  Zürich, Switzerland",47.39080345,8.47382385888031
"658","Herrligweg 9, 8048  Zürich, Switzerland",47.38987525,8.48449829910927
"659","Calandastrasse 9, 8048  Zürich, Switzerland",47.3879523,8.4897249
"660","nahe Rautistrasse, 8048  Zürich, Switzerland",NA,NA
"661","Baslerstrasse 71-77, 8048  Zürich, Switzerland",47.3897054,8.487026
"662","Baslerstrasse 149, 8048  Zürich, Switzerland",47.38954065,8.48697493878786
"663","Hohlstrasse 485a, 8048  Zürich, Switzerland",47.38873395,8.49473791102547
"664","Herrligweg 9, 8048  Zürich, Switzerland",47.38987525,8.48449829910927
"665","Baslerstrasse 71-77, 8048  Zürich, Switzerland",47.3897054,8.487026
"666","Hohlstrasse 510, 8048  Zürich, Switzerland",47.3898285,8.4939054
"667","Eugen Huber-Str. 51, 8048  Zürich, Switzerland",47.3864926,8.4796343
"668","Zwyssigstrasse 7, 8048  Zürich, Switzerland",47.38402145,8.48567511258862
"669","Friedhofstrasse 68, 8048  Zürich, Switzerland",47.38425555,8.47506990624972
"670","Regensdorferstrasse, 8049  Zürich, Switzerland",47.4022069,8.4993393
"671","Am Wasser 91, 8049  Zürich, Switzerland",47.3976895,8.50193728995787
"672","Regensdorferstrasse 63, 8049  Zürich, Switzerland",47.4057137,8.4918548
"673","Regensdorferstrasse 65, 8049  Zürich, Switzerland",47.4057851,8.49166964852717
"674","Regensdorferstrasse 65, 8049  Zürich, Switzerland",47.4057851,8.49166964852717
"675","Riedhofstrasse 378, 8049  Zürich, Switzerland",47.40997865,8.48131351805302
"676","Imbisbühlstrasse 101, 8049  Zürich, Switzerland",47.4023631,8.4956366
"677","Kappenbühlweg 5, 8049  Zürich, Switzerland",47.4033485,8.4979498
"678","Riedhofstrasse 260, 8049  Zürich, Switzerland",47.4073525,8.4875459922773
"679","Ottenbergstrasse 81, 8049  Zürich, Switzerland",47.39912665,8.50560259194656
"680","Riedhofstrasse 378, 8049  Zürich, Switzerland",47.40997865,8.48131351805302
"681","Imbisbühlstrasse 55, 8049  Zürich, Switzerland",47.4023631,8.4956366
"682","Frankentalerstarsse 1-3, 8049  Zürich, Switzerland",NA,NA
"683","Kappenbühlweg 5, 8049  Zürich, Switzerland",47.4033485,8.4979498
"684","Kappenbühlweg 5, 8049  Zürich, Switzerland",47.4033485,8.4979498
"685","Imbisbühlstrasse 4, 8049  Zürich, Switzerland",47.4027579,8.49514804731183
"686","Winzerstr. 112, 8049  Zürich, Switzerland",47.3998802,8.4950859
"687","Hohenklingenstrasse 45, 8049  Zürich, Switzerland",47.4015766,8.4951047
"688","Limmattalstrasse 355, 8049  Zürich, Switzerland",47.4016592,8.5004096
"689","Imbisbühlstrasse 107, 8049  Zürich, Switzerland",47.4023631,8.4956366
"690","Bergellerstrasse 32, 8049  Zürich, Switzerland",47.40649055,8.49286673666682
"691","Reinhold Frei-Strasse 25, 8049  Zürich, Switzerland",47.4091455,8.48500953676407
"692","Riedhofstrasse 45, 8049  Zürich, Switzerland",47.4040386,8.492665
"693","Segantinistrasse 155, 8049  Zürich, Switzerland",47.4073868,8.49161559635665
"694","Segantinistrasse 82, 8049  Zürich, Switzerland",47.4063016,8.49680531378152
"695","Limmattalstrasse 229, 8049  Zürich, Switzerland",47.4019842,8.4958051
"696","Segantinistrasse 29, 8049  Zürich, Switzerland",47.40464295,8.50097237090949
"697","Limmattalstrasse 227, 8049  Zürich, Switzerland",47.4019982,8.4959905
"698","Naglerwiesenstrasse 38, 8049  Zürich, Switzerland",47.41329925,8.48193792278911
"699","Limmattalstrasse 266, 8049  Zürich, Switzerland",47.4016592,8.5004096
"700","Reinhold Freistrasse 68, 8049  Zürich, Switzerland",47.4097484,8.48537001887836
"701","Rebbergstrasse 57, 8049  Zürich, Switzerland",47.3977891,8.5115899
"702","Limmattalstrasse 355, 8049  Zürich, Switzerland",47.4016592,8.5004096
"703","Regensdorferstrasse 72, 8049  Zürich, Switzerland",47.4022069,8.4993393
"704","Imbisbühlstrasse 108, 8049  Zürich, Switzerland",47.4023631,8.4956366
"705","Heizenholz 49, 8049  Zürich, Switzerland",47.41181145,8.48487969460471
"706","Am Wasser 161, 8049  Zürich, Switzerland",47.3994133,8.49578364032324
"707","Baumackerstrasse 47, 8050  Zürich, Switzerland",47.409489,8.5423228
"708","Herbstweg 5, 8050  Zürich, Switzerland",47.4053525,8.55607805
"709","Baumackerstrasse 47, 8050  Zürich, Switzerland",47.409489,8.5423228
"710","Baumackerstrasse 47, 8050  Zürich, Switzerland",47.409489,8.5423228
"711","Schaffhauserstrasse 405, 8050  Zürich, Switzerland",47.4143461,8.5453393
"712","Binzmühlestrasse 45, 8050  Zürich, Switzerland",47.4137206,8.54493219903007
"713","Friesstrasse 14, 8050  Zürich, Switzerland",47.4144464,8.547407
"714","Riedgrabenweg 39, 8050  Zürich, Switzerland",47.4080797,8.55852128497671
"715","Dörflistrasse 74, 8050  Zürich, Switzerland",47.40838845,8.550924299294
"716","Jungholzstrasse 60, 8050  Zürich, Switzerland",47.4125172,8.5442915
"717","Baumackerstrasse 47, 8050  Zürich, Switzerland",47.409489,8.5423228
"718","Dialogweg 7, 8050  Zürich, Switzerland",47.41376735,8.55943835891651
"719","Dörflistrasse 74, 8050  Zürich, Switzerland",47.40838845,8.550924299294
"720","Hugostrasse 10, 8050  Zürich, Switzerland",47.40826105,8.54820190611535
"721","Friesstrasse 8, 8050  Zürich, Switzerland",47.4140516,8.5469861
"722","Hugostrasse 2, 8050  Zürich, Switzerland",47.4082704,8.5473862
"723","Kirchenackerweg 2, 8050  Zürich, Switzerland",47.40749015,8.551598102617
"724","Regensbergstrasse 238, 8050  Zürich, Switzerland",47.4054745,8.5507803
"725","Herbstweg 11, 8050  Zürich, Switzerland",47.4057473,8.5564480378187
"726","Schaffhauserstrasse 306, 8050  Zürich, Switzerland",47.4067908,8.5482253
"727","Binzmühlestrasse 51, 8050  Zürich, Switzerland",47.41373995,8.54459682216969
"728","Affolternstrasse 10, 8050  Zürich, Switzerland",47.4126365,8.5449361
"729","Affolternstrasse 103, 8050  Zürich, Switzerland",47.4103244,8.5365954
"730","Friesstrasse 21, 8050  Zürich, Switzerland",47.4146512,8.54638391828167
"731","Hofwiesenstrasse 273, 8050  Zürich, Switzerland",47.40710825,8.53760362939422
"732","Gubelstrasse 62, 8050  Zürich, Switzerland",47.4093984,8.5411513
"733","Schwamendingenstrasse 21, 8050  Zürich, Switzerland",47.4077563,8.5478456
"734","Jungholzstrasse 48, 8050  Zürich, Switzerland",47.4125172,8.5442915
"735","Wallisellenstrasse 467, 8050  Zürich, Switzerland",47.4111075,8.5686167
"736","Friesstrasse 16, 8050  Zürich, Switzerland",47.4145065,8.5469065009333
"737","Friesstrasse 8, 8050  Zürich, Switzerland",47.4140516,8.5469861
"738","Regensbergstr. 91, 8050  Zürich, Switzerland",47.4058505,8.547964625
"739","Am Glattbogen 173, 8050  Zürich, Switzerland",47.4112763,8.5678603
"740","Überlandtsrasse 35, 8050  Zürich, Switzerland",NA,NA
"741","Friesstrasse 32, 8050  Zürich, Switzerland",47.41559795,8.54661425738023
"742","Baumackerstrasse 42, 8050  Zürich, Switzerland",47.4093835,8.5433145
"743","Schwamendingenstrasse 30, 8050  Zürich, Switzerland",47.4069476,8.54886633333333
"744","Friesstrasse 33, 8050  Zürich, Switzerland",47.415684,8.5462215
"745","Friesstrasse 16, 8050  Zürich, Switzerland",47.4145065,8.5469065009333
"746","Friesstrasse 33, 8050  Zürich, Switzerland",47.415684,8.5462215
"747","Franklinstrasse 12/14, 8050  Zürich, Switzerland",47.4086222,8.5464121
"748","Riedgrabenweg 57, 8050  Zürich, Switzerland",47.4093226,8.5584635
"749","Unterfeldstrasse 106, 8050  Zürich, Switzerland",47.4114783,8.5616055
"750","Gubelstrasse 64, 8050  Zürich, Switzerland",47.4094474,8.5408316
"751","Binzmühlestrasse 51, 8050  Zürich, Switzerland",47.41373995,8.54459682216969
"752","8050  Zürich, Switzerland",47.4108283479768,8.55354257303335
"753","Wallisellenstrasse 483, 8050  Zürich, Switzerland",47.4108727,8.5696077
"754","Gubelstrasse, 8050  Zürich, Switzerland",47.4077677,8.5467817
"755","Nansenstrasse 3, 8050  Zürich, Switzerland",47.4109887,8.5459625
"756","Ueberlandstrasse 75, 8050  Zürich, Switzerland",47.4053512,8.5610164
"757","Greifenseestrasse 53, 8050  Zürich, Switzerland",47.408984,8.5577672
"758","Binzmühlestrasse 51, 8050  Zürich, Switzerland",47.41373995,8.54459682216969
"759","Friesstrasse 8, 8050  Zürich, Switzerland",47.4140516,8.5469861
"760","Schwamendingenstrasse 46, 8050  Zürich, Switzerland",47.40687915,8.55013196268248
"761","Venusstrasse 21, 8050  Zürich, Switzerland",47.4071109,8.54360355
"762","Ohmstrasse 24, 8050  Zürich, Switzerland",47.4119528,8.5458843574495
"763","Birchstrasse 98, 8050  Zürich, Switzerland",47.4078068,8.53697651155092
"764","Nansenstrasse 2, 8050  Zürich, Switzerland",47.41135605,8.54646630765357
"765","Friesstrasse 12, 8050  Zürich, Switzerland",47.4143107,8.5469061874077
"766","Binzmühlestrasse 51, 8050  Zürich, Switzerland",47.41373995,8.54459682216969
"767","Tramstrasse 71, 8050  Zürich, Switzerland",47.40850745,8.5542301
"768","Hagenholzstrasse 72, 8050  Zürich, Switzerland",47.4135966,8.5567602
"769","Siewerdtstrasse 15, 8050  Zürich, Switzerland",47.41239075,8.54846515805014
"770","Schwamendingenstrasse 10, 8050  Zürich, Switzerland",47.4079527,8.5472573
"771","Regensbergstrasse 306, 8050  Zürich, Switzerland",47.4116284,8.5270928
"772","Hüttisstr. 8, 8050  Zürich, Switzerland",47.41360715,8.54822174325919
"773","Eisfeldstrasse 22, 8050  Zürich, Switzerland",47.4153059,8.5482256
"774","Nansenstrasse 2, 8050  Zürich, Switzerland",47.41135605,8.54646630765357
"775","Schaffhauserstrasse 303, 8050  Zürich, Switzerland",47.40651485,8.54795201058962
"776","Auwiesenstrasse 30, 8050  Zürich, Switzerland",47.4148422,8.56779656361369
"777","Eggbühlstrasse 9, 8050  Zürich, Switzerland",47.4161835,8.5443281
"778","Birchstrasse 98, 8050  Zürich, Switzerland",47.4078068,8.53697651155092
"779","Birchstrasse 98, 8050  Zürich, Switzerland",47.4078068,8.53697651155092
"780","Birchstrasse 98, 8050  Zürich, Switzerland",47.4078068,8.53697651155092
"781","Birchstrasse 98, 8050  Zürich, Switzerland",47.4078068,8.53697651155092
"782","Gagliardiweg 9, 8050  Zürich, Switzerland",47.40694575,8.54916529691388
"783","Neunbrunnenstr. 38, 8050  Zürich, Switzerland",47.417606,8.54101275592885
"784","Schaffhauserstrasse 363, 8050  Zürich, Switzerland",47.4110603,8.54658137383251
"785","Franklinstrasse 3, 8050  Zürich, Switzerland",47.40865795,8.5459567
"786","Regensbergstrasse 177, 8050  Zürich, Switzerland",47.4054745,8.5507803
"787","Franklinstrasse 12/14, 8050  Zürich, Switzerland",47.4086222,8.5464121
"788","Schaffhauserstrasse 303, 8050  Zürich, Switzerland",47.40651485,8.54795201058962
"789","Magdalenenstrasse 9, 8050  Zürich, Switzerland",47.407252,8.55143076943878
"790","Birchstrasse 120, 8050  Zürich, Switzerland",47.4092114,8.5377071
"791","Schaffhauserstrasse 303, 8050  Zürich, Switzerland",47.40651485,8.54795201058962
"792","Schaffhauserstrasse 405, 8050  Zürich, Switzerland",47.4143461,8.5453393
"793","Schaffhauserstrasse 303, 8050  Zürich, Switzerland",47.40651485,8.54795201058962
"794","Oberwiesenstrasse 70, 8050  Zürich, Switzerland",47.4124529,8.53164049753601
"795","Ruedi Walter-Str. 2, 8050  Zürich, Switzerland",47.4144008,8.5417858
"796","Gujerstrasse 1a, 8050  Zürich, Switzerland",47.415439,8.5445346
"797","Gujerstrasse 1, 8050  Zürich, Switzerland",47.415439,8.5445346
"798","Gujerstrasse 1, 8050  Zürich, Switzerland",47.415439,8.5445346
"799","Gujerstrasse 1, 8050  Zürich, Switzerland",47.415439,8.5445346
"800","Gujerstrasse 1a, 8050  Zürich, Switzerland",47.415439,8.5445346
"801","Gujerstrasse 1a, 8050  Zürich, Switzerland",47.415439,8.5445346
"802","Gujerstrasse 1, 8050  Zürich, Switzerland",47.415439,8.5445346
"803","Dörflistrasse 47, 8050  Zürich, Switzerland",47.4063436,8.54993318314607
"804","Friesstrasse 16, 8050  Zürich, Switzerland",47.4145065,8.5469065009333
"805","Blütenstrasse 2, 8050  Zürich, Switzerland",47.4047856,8.54789089582779
"806","Baumackerstrasse 42, 8050  Zürich, Switzerland",47.4093835,8.5433145
"807","Hagenholzstr. 92, 8050  Zürich, Switzerland",47.413535,8.5578704
"808","Friesstrasse 21, 8050  Zürich, Switzerland",47.4146512,8.54638391828167
"809","Jungholzstrasse 48, 8050  Zürich, Switzerland",47.4125172,8.5442915
"810","Schaffhauserstrasse 429, 8050  Zürich, Switzerland",47.4112727,8.5468306
"811","Leutschenbachstrasse 42 - WFC306, 8050  Zürich, Switzerland",NA,NA
"812","Baumackerstrasse 42, 8050  Zürich, Switzerland",47.4093835,8.5433145
"813","Hugostrasse 2, 8050  Zürich, Switzerland",47.4082704,8.5473862
"814","Leutschenbachstrasse 30, 8050  Zürich, Switzerland",47.4152911,8.553867
"815","Leutschenbachstrasse 46 - D1204, 8050  Zürich, Switzerland",NA,NA
"816","Eggbühlstrasse 1, 8050  Zürich, Switzerland",47.4162018,8.5447574
"817","Neuenbrunnenstrasse, 8050  Zürich, Switzerland",47.4172382,8.5454321
"818","Leutschenbachstrasse, 8050  Zürich, Switzerland",47.4145426,8.5530539
"819","Gujerstrasse 1a, 8050  Zürich, Switzerland",47.415439,8.5445346
"820","Leutschenbachstrasse 46 - D1006, 8050  Zürich, Switzerland",NA,NA
"821","Hagenholzstr. 90, 8050  Zürich, Switzerland",47.4135713,8.5576826
"822","Leutschenbachstrasse 42 - WFC301, 8050  Zürich, Switzerland",NA,NA
"823","Leutschenbachstrasse 48, 8050  Zürich, Switzerland",47.4145426,8.5530539
"824","Leutschenbachstrasse 46, 8050  Zürich, Switzerland",47.4160672,8.555175
"825","Leutschenbachstrasse 48 - WFD 314, 8050  Zürich, Switzerland",NA,NA
"826","Schaffhauserstrasse 363, 8050  Zürich, Switzerland",47.4110603,8.54658137383251
"827","Friedackerstrasse 6, 8050  Zürich, Switzerland",47.40505355,8.55330085703706
"828","11Price on requestSiewerdtstrasse 95, 8050  Zürich, Switzerland",NA,NA
"829","Auhofstrasse, 8051  Zürich, Switzerland",47.4069925,8.5693806
"830","Dübendorfstrasse, 8051  Zürich, Switzerland",47.401551,8.5817313
"831","Roswiesenstrasse 129, 8051  Zürich, Switzerland",47.40718845,8.57822135
"832","Luegislandstrasse 265, 8051  Zürich, Switzerland",47.4093893,8.5743063
"833","Auhofstrasse, 8051  Zürich, Switzerland",47.4069925,8.5693806
"834","Überland Strasse 198, 8051  Zürich, Switzerland",47.4097677,8.570132
"835","Überland Strasse 198, 8051  Zürich, Switzerland",47.4097677,8.570132
"836","Luegislandstrasse, 8051  Zürich, Switzerland",47.4067545,8.580861
"837","Schwamendingenstrasse 115, 8051  Zürich, Switzerland",47.40468995,8.55812406229201
"838","Dübendorfstrasse, 8051  Zürich, Switzerland",47.401551,8.5817313
"839","Stettbacherrain 19, 8051  Zürich, Switzerland",47.3981373,8.58822400759223
"840","Luegislandstrasse 375, 8051  Zürich, Switzerland",47.4087849,8.5773529
"841","Dübendorfstrasse, 8051  Zürich, Switzerland",47.401551,8.5817313
"842","Luegislandstrasse 24, 8051  Zürich, Switzerland",47.40557725,8.565948661173
"843","Grosswiesenstrasse 142, 8051  Zürich, Switzerland",47.4025901,8.5876108
"844","Grosswiesenstrasse 154, 8051  Zürich, Switzerland",47.4028968,8.5885737
"845","Roswiesenstrasse 100, 8051  Zürich, Switzerland",47.4056007,8.5779742
"846","Aprikosenstrasse 5, 8051  Zürich, Switzerland",47.40583395,8.57038695021561
"847","Grosswiesenstrasse 140, 8051  Zürich, Switzerland",47.4030039,8.5876806
"848","Dübendorfstrasse 223, 8051  Zürich, Switzerland",47.4005336,8.5860171
"849","Aprikosenstrasse 19, 8051  Zürich, Switzerland",47.4064642,8.57003774304813
"850","Winterthurerstrasse 457, 8051  Zürich, Switzerland",47.40403135,8.56786080488351
"851","Dübendorfstrasse 223, 8051  Zürich, Switzerland",47.4005336,8.5860171
"852","Luchswiesenstrasse 136, 8051  Zürich, Switzerland",47.4040179,8.5861664
"853","Aprikosenstrasse 20, 8051  Zürich, Switzerland",47.40664545,8.57143885962389
"854","Ueberlandstrasse 350, 8051  Zürich, Switzerland",47.40772765,8.58255628497529
"855","Grosswiesenstrasse 71, 8051  Zürich, Switzerland",47.4035454,8.5854165
"856","Stettbacherrain 17, 8051  Zürich, Switzerland",47.3979169,8.58818645
"857","Kreuzwiesen 22, 8051  Zürich, Switzerland",47.4061133,8.57490819999999
"858","Stettbachstrasse 43, 8051  Zürich, Switzerland",47.40340445,8.57289472846359
"859","Luegislandstrasse 165, 8051  Zürich, Switzerland",47.4094247,8.5706135
"860","Stettbacherrain 11, 8051  Zürich, Switzerland",47.3977673,8.5875067
"861","Luegislandstrasse 496, 8051  Zürich, Switzerland",47.4076106,8.5787846
"862","Winterthurerstrasse 449, 8051  Zürich, Switzerland",47.40412975,8.5671377
"863","Luegislandstrasse 498, 8051  Zürich, Switzerland",47.4074454,8.5790234
"864","Luegislandstrasse 25, 8051  Zürich, Switzerland",47.4055938,8.5653583
"865","Luegislandstr. 23, 8051  Zürich, Switzerland",47.4052174,8.5650394
"866","Hirzenbachstrasse, 8051  Zürich, Switzerland",47.4058991,8.587426
"867","Winterthurerstrasse 576, 8051  Zürich, Switzerland",47.4048921,8.57736515053505
"868","Aprikosenstrasse 5, 8051  Zürich, Switzerland",47.40583395,8.57038695021561
"869","Tulpenstrasse 43, 8051  Zürich, Switzerland",47.4057238,8.56815293193247
"870","Buhnrain 3, 8052  Zürich, Switzerland",47.4224733,8.54247448075963
"871","Katzenbachstrasse, 8052  Zürich, Switzerland",47.4239934,8.5438831
"872","Felsenrainstrasse, 8052  Zürich, Switzerland",47.4183192,8.5436175
"873","Felsenrainstrasse, 8052  Zürich, Switzerland",47.4183192,8.5436175
"874","Stiglenstrasse, 8052  Zürich, Switzerland",47.4276345,8.5480539
"875","Seebacherstrasse 65, 8052  Zürich, Switzerland",47.4228696,8.5417788
"876","Schärenmoosstrasse 11, 8052  Zürich, Switzerland",47.4210786,8.5509582
"877","Caspar-Wüst-Strasse 32, 8052  Zürich, Switzerland",47.4304206,8.5429654
"878","Federnstrasse 4, 8052  Zürich, Switzerland",47.41582905,8.54868204762356
"879","Glatttalstrasse 163, 8052  Zürich, Switzerland",47.431315,8.54353695
"880","Caspar-Wüest-Strasse 17, 8052  Zürich, Switzerland",47.4293999,8.54251587934212
"881","Arianestrasse 11, 8052  Zürich, Switzerland",47.4242366,8.5542448
"882","Glatttalstrasse 163, 8052  Zürich, Switzerland",47.431315,8.54353695
"883","Kolbenacker 28, 8052  Zürich, Switzerland",47.426613,8.5493485
"884","Schwandenacker 31, 8052  Zürich, Switzerland",47.4239194,8.53516662419243
"885","Stiglenstrasse 33, 8052  Zürich, Switzerland",47.4272572,8.55184648465061
"886","Stiglenstrasse 33, 8052  Zürich, Switzerland",47.4272572,8.55184648465061
"887","Kolbenacker 28, 8052  Zürich, Switzerland",47.426613,8.5493485
"888","Kolbenacker 4, 8052  Zürich, Switzerland",47.4260182,8.5481682
"889","Ettenfeldstrasse 1, 8052  Zürich, Switzerland",47.42263625,8.55163099825
"890","Schärenmoosstrasse 53, 8052  Zürich, Switzerland",47.4210594,8.5499351
"891","Katzenbachstrasse 213, 8052  Zürich, Switzerland",47.4238359,8.5419888
"892","Schwandenacker 33, 8052  Zürich, Switzerland",47.42406305,8.53516889525323
"893","Birchstrasse 422, 8052  Zürich, Switzerland",47.42390945,8.54036474956413
"894","Unterwerkstrasse 15, 8052  Zürich, Switzerland",47.4228864,8.55333865738867
"895","Schärenmoosstrasse 14, 8052  Zürich, Switzerland",47.4206537,8.551008185845
"896","Schaffhauserstrasse 475, 8052  Zürich, Switzerland",47.4202502,8.5484299
"897","Arianestrasse 19, 8052  Zürich, Switzerland",47.42384705,8.55529255
"898","Köschenrütistrasse 8, 8052  Zürich, Switzerland",47.423655,8.53866422622948
"899","Glatttalstrasse 118 F, 8052  Zürich, Switzerland",47.4251998,8.5480367
"900","Caspar-Wüst-Strasse 61, 8052  Zürich, Switzerland",47.4305863,8.5418274
"901","Glattalstrasse 88, 8052  Zürich, Switzerland",47.4362653,8.5387949
"902","Ettenfeldstrasse 14, 8052  Zürich, Switzerland",47.421853,8.5523307
"903","Unterwerkstrasse 7, 8052  Zürich, Switzerland",47.423196,8.55268443249506
"904","Katzenbachstrasse 225, 8052  Zürich, Switzerland",47.42433275,8.54172000644091
"905","Bahnhaldenstrasse 31, 8052  Zürich, Switzerland",47.4190012,8.54242280377768
"906","Schaffhauserstrasse 455, 8052  Zürich, Switzerland",47.41825885,8.54645261453595
"907","Schaffhauserstrasse 500, 8052  Zürich, Switzerland",47.4213588,8.5501276
"908","Bachtelweg 4, 8052  Zürich, Switzerland",47.4175483,8.54853163709846
"909","Ettenfeldstrasse 2, 6, 14, 8052  Zürich, Switzerland",47.4222386,8.551518
"910","Felsenrainstr. 8, 8052  Zürich, Switzerland",47.4182555,8.5458526028815
"911","Honigstrasse 55, 8052  Zürich, Switzerland",47.42588305,8.54455509693199
"912","Schaffhauserstrasse 456, 8052  Zürich, Switzerland",47.4180889,8.5468314
"913","Glatttalstrasse 63, 8052  Zürich, Switzerland",47.4254987,8.5476093
"914","Mattackerstrasse 33, 8052  Zürich, Switzerland",47.4248295,8.5513765
"915","Schärenmoosstrasse 33-35, 8052  Zürich, Switzerland",47.4210594,8.5499351
"916","Schärenmoosstrasse 78, 8052  Zürich, Switzerland",47.4187585,8.55719741944605
"917","Kienastenwiesweg 37, 8053  Zürich, Switzerland",47.3557117,8.60362497345132
"918","Kienastenwiesweg 35, 8053  Zürich, Switzerland",47.35571285,8.60333457343617
"919","Witikonerstrasse 241, 8053  Zürich, Switzerland",47.35949465,8.58145570804562
"920","Kienastenwiesweg 35, 8053  Zürich, Switzerland",47.35571285,8.60333457343617
"921","Buchzelgstrasse 21/6, 8053  Zürich, Switzerland",47.3600811,8.5903307
"922","Witikonerstrasse 311b, 8053  Zürich, Switzerland",47.3585337,8.5870814
"923","Kienastenwiesweg 37, 8053  Zürich, Switzerland",47.3557117,8.60362497345132
"924","Kienastenwiesweg 37, 8053  Zürich, Switzerland",47.3557117,8.60362497345132
"925","Carl-Spitteler-Strasse 18, 8053  Zürich, Switzerland",47.3570599,8.58864668767524
"926","Lehfrauenweg 10, 8053  Zürich, Switzerland",47.3596579,8.58999117453027
"927","Loorenstrasse 20, 8053  Zürich, Switzerland",47.35891245,8.59543297920404
"928","Zweiackerstrasse 17, 8053  Zürich, Switzerland",47.3575428,8.5987907
"929","Loorenstrasse 40, 8053  Zürich, Switzerland",47.3604901,8.59467529517241
"930","Carl-Spitteler-Str. 20/22/24, 8053  Zürich, Switzerland",47.3568946,8.5904705
"931","Carl-Spitteler-Str. 20/22/24, 8053  Zürich, Switzerland",47.3568946,8.5904705
"932","Buchzelgstrasse 66, 8053  Zürich, Switzerland",47.3596202,8.58843975690888
"933","Witikonerstr. 497, 8053  Zürich, Switzerland",47.36174305,8.6009717467415
"934","Trichtenhausenstrasse 17, 8053  Zürich, Switzerland",47.3582057,8.59631499905075
"935","Witikonerstr. 497, 8053  Zürich, Switzerland",47.36174305,8.6009717467415
"936","Im Brächli 43, 8053  Zürich, Switzerland",47.361166,8.5807743445376
"937","Stodolastrasse, 8053  Zürich, Switzerland",47.3577035,8.5901269
"938","Carl-Spitteler-Strasse 6/8, 8053  Zürich, Switzerland",47.3568946,8.5904705
"939","Witikonerstrasse 337, 8053  Zürich, Switzerland",47.3586221,8.58878955474747
"940","Steinbrüchelstrasse 21, 8053  Zürich, Switzerland",47.3564624,8.58992119758335
"941","Witikonerstr. 499, 8053  Zürich, Switzerland",47.36192285,8.60087053512446
"942","Im Glockenacker 13, 8053  Zürich, Switzerland",47.35952485,8.59735775
"943","Zweiackerstrasse 45, 8053  Zürich, Switzerland",47.35657885,8.6008349868626
"944","Kienastenwiesweg 31, 8053  Zürich, Switzerland",47.3559879,8.60368855164097
"945","Eierbrechtstrasse 59/61, 8053  Zürich, Switzerland",47.3576093,8.578461
"946","8053  Zürich, Switzerland",47.3584489043117,8.59032909523602
"947","Am Oeschbrig, 8053  Zürich, Switzerland",47.3578468,8.5997576
"948","Wiesliacher 89, 8053  Zürich, Switzerland",47.35507695,8.59643683122007
"949","Buchzelgstrasse 58 b, 8053  Zürich, Switzerland",47.3600811,8.5903307
"950","Steinbrüchelstrasse 21, 8053  Zürich, Switzerland",47.3564624,8.58992119758335
"951","Carl-Spitteler-Str. 70, 8053  Zürich, Switzerland",47.35537275,8.594163008078
"952","8053  Zürich, Switzerland",47.3584489043117,8.59032909523602
"953","Am Oeschbrig 5, 8053  Zürich, Switzerland",47.3572408,8.59999314165914
"954","Im Trichtisal 9, 8053  Zürich, Switzerland",47.355001,8.60380889705196
"955","Schweighofstrasse 406, 8055  Zürich, Switzerland",47.3674904,8.50219195
"956","Sallenbachstr. 25, 8055  Zürich, Switzerland",47.36912245,8.4993446534188
"957","Zielweg 80, 8055  Zürich, Switzerland",47.358726,8.49804451100352
"958","ensdorferstrasse 585, 8055  Zürich, Switzerland",NA,NA
"959","Friesenbergstrasse 15, 8055  Zürich, Switzerland",47.3695783,8.5137027
"960","ensdorferstr. 313, 8055  Zürich, Switzerland",NA,NA
"961","8055  Zürich, Switzerland",47.3675967894028,8.50700792830556
"962","Sädlenweg 10, 8055  Zürich, Switzerland",47.3673729,8.48770901359176
"963","Schaufelbergerstrasse, 8055  Zürich, Switzerland",47.3690209,8.5026191
"964","Friesenbergstrasse 94, 8055  Zürich, Switzerland",47.3666166,8.51041878838859
"965","ensdorferstrasse 585, 8055  Zürich, Switzerland",NA,NA
"966","Zielweg 80, 8055  Zürich, Switzerland",47.358726,8.49804451100352
"967","ensdorferstrasse 585, 8055  Zürich, Switzerland",NA,NA
"968","ensdorferstrasse 585, 8055  Zürich, Switzerland",NA,NA
"969","8055  Zürich, Switzerland",47.3675967894028,8.50700792830556
"970","ensdorferstrasse 451, 8055  Zürich, Switzerland",NA,NA
"971","Döltschiweg 43, 8055  Zürich, Switzerland",47.36720665,8.50779914917899
"972","Wasserschöpfi 23, 8055  Zürich, Switzerland",47.3657131,8.50752194705882
"973","ensodorferstrasse 394, 8055  Zürich, Switzerland",NA,NA
"974","Döltschiweg 39, 8055  Zürich, Switzerland",47.3672916,8.50820834575473
"975","ensdorferstr. 261, 8055  Zürich, Switzerland",NA,NA
"976","Goldbrunnenstrasse 137, 8055  Zürich, Switzerland",47.3714347,8.51151433600338
"977","Friesenbergstrasse 99, 8055  Zürich, Switzerland",47.3660247,8.51069086653523
"978","Burstwiesenstr. 33, 8055  Zürich, Switzerland",47.37005235,8.5069819640474
"979","ensdorferstrasse 481, 8055  Zürich, Switzerland",NA,NA
"980","Schaffhauserstrasse 280, 8057  Zürich, Switzerland",47.40507205,8.54875332117315
"981","Oerlikonerstrasse 44, 8057  Zürich, Switzerland",47.40238885,8.54496844833839
"982","Oerlikonerstrasse 44, 8057  Zürich, Switzerland",47.40238885,8.54496844833839
"983","Rötelstrasse 104, 8057  Zürich, Switzerland",47.39611945,8.53281474707749
"984","Hofwiesenstrasse 190, 8057  Zürich, Switzerland",47.4021398,8.5354978
"985","Schaffhauserstrasse 89, 8057  Zürich, Switzerland",47.39392855,8.53905221348835
"986","Hofwiesenstrasse 249, 8057  Zürich, Switzerland",47.40576165,8.53729218107726
"987","Frohburgstrasse 303, 8057  Zürich, Switzerland",47.40309565,8.55778521855326
"988","Viktoriastrasse 29, 8057  Zürich, Switzerland",47.4040777,8.55045225380296
"989","Friedheimstrasse 1, 8057  Zürich, Switzerland",47.40495195,8.54880051302631
"990","Anna-Heer-Strasse 8/10, 8057  Zürich, Switzerland",47.4003222,8.542097
"991","Wehntalerstrasse 233C, 8057  Zürich, Switzerland",47.4089332,8.5288316
"992","Allenmoosstrasse 54, 8057  Zürich, Switzerland",47.4033377,8.5392936803132
"993","Birchstrasse, 8057  Zürich, Switzerland",47.4040066,8.5344373
"994","Hofwiesenstrasse 116, 8057  Zürich, Switzerland",47.398669,8.53353209944937
"995","Steinkluppenweg 3/5, 8057  Zürich, Switzerland",47.4018187,8.5399276
"996","Bucheggstrasse 162, 8057  Zürich, Switzerland",47.39870505,8.54088815611522
"997","Beckhammer 25, 8057  Zürich, Switzerland",47.4012921,8.54093095544101
"998","Ringstrasse 21-23, 8057  Zürich, Switzerland",47.401847,8.5444616
"999","Bucheggstrasse 144, 8057  Zürich, Switzerland",47.3985037,8.53962589682362
"1000","Berninastrasse 106, 8057  Zürich, Switzerland",47.4062278,8.54015184670315
"1001","Schürbungert 11, 8057  Zürich, Switzerland",47.40166185,8.53818860028347
"1002","Schaffhauserstrasse 283, 8057  Zürich, Switzerland",47.40523915,8.54810456413623
"1003","Beckhammer 23, 8057  Zürich, Switzerland",47.4014108,8.54116074784177
"1004","Friedheimstrasse 21, 8057  Zürich, Switzerland",47.5034572,8.7536959137134
"1005","Probusweg 26, 8057  Zürich, Switzerland",47.40158975,8.550248352977
"1006","Grabenwies 23/25/27, 8057  Zürich, Switzerland",47.4020363,8.5371545
"1007","Berninastr. 29, 8057  Zürich, Switzerland",47.4026288,8.54934794454328
"1008","Friedheimstrasse 21, 8057  Zürich, Switzerland",47.5034572,8.7536959137134
"1009","Ringstrasse 21-23, 8057  Zürich, Switzerland",47.401847,8.5444616
"1010","Grabenwies 15/17/19, 8057  Zürich, Switzerland",47.4020363,8.5371545
"1011","Winterthurerstrasse 289, 8057  Zürich, Switzerland",47.40280515,8.55356274378396
"1012","Hofwiesenstrasse 219, 8057  Zürich, Switzerland",47.40368305,8.5363223687725
"1013","Viktoriastrasse 24, 8057  Zürich, Switzerland",47.40366355,8.5511252768731
"1014","Viktoriastrasse 24, 8057  Zürich, Switzerland",47.40366355,8.5511252768731
"1015","Schaffhauserstrasse 210, 8057  Zürich, Switzerland",47.40116235,8.54524986934701
"1016","Schaffhauserstrasse 233, 8057  Zürich, Switzerland",47.4048636,8.5483039
"1017","Schaffhauserstrasse 163, 8057  Zürich, Switzerland",47.3993285,8.54217224975555
"1018","Hofwiesenstrasse 200, 8057  Zürich, Switzerland",47.402496,8.5358866
"1019","Berninaplatz 2, 8057  Zürich, Switzerland",47.4035375,8.5484274
"1020","Schaffhauserstrasse 125, 8057  Zürich, Switzerland",47.3965472,8.5404687
"1021","Viktoriastrasse 29, 8057  Zürich, Switzerland",47.4040777,8.55045225380296
